Date,Close,predict
2010-01-04,1210.6923828125,0.0
2010-01-05,1198.401123046875,0.0
2010-01-06,1179.9642333984375,0.0
2010-01-07,1161.5272216796875,0.0
2010-01-08,1173.818603515625,0.0
2010-01-11,1167.6729736328125,0.0
2010-01-12,1179.9642333984375,0.0
2010-01-13,1179.9642333984375,0.0
2010-01-14,1186.10986328125,0.0
2010-01-15,1186.10986328125,0.0
2010-01-18,1179.9642333984375,0.0
2010-01-19,1192.2554931640625,0.0
2010-01-20,1192.2554931640625,0.0
2010-01-21,1155.381591796875,0.0
2010-01-22,1149.2359619140625,0.0
2010-01-25,1155.381591796875,0.0
2010-01-26,1130.799072265625,0.0
2010-01-27,1118.5076904296875,0.0
2010-01-28,1149.2359619140625,0.0
2010-01-29,1149.2359619140625,0.0
2010-02-01,1149.2359619140625,0.0
2010-02-02,1143.09033203125,0.0
2010-02-03,1149.2359619140625,0.0
2010-02-04,1136.9447021484375,0.0
2010-02-05,1087.779541015625,0.0
2010-02-08,1063.1968994140625,0.0
2010-02-09,1075.4881591796875,0.0
2010-02-10,1069.342529296875,0.0
2010-02-11,1081.6339111328125,0.0
2010-02-12,1081.6339111328125,0.0
2010-02-15,1075.4881591796875,0.0
2010-02-16,1087.779541015625,0.0
2010-02-17,1106.2164306640625,0.0
2010-02-18,1100.07080078125,0.0
2010-02-19,1112.362060546875,0.0
2010-02-22,1112.362060546875,0.0
2010-02-23,1130.799072265625,0.0
2010-02-24,1118.5076904296875,0.0
2010-02-25,1100.07080078125,0.0
2010-03-01,1100.07080078125,0.0
2010-03-02,1106.2164306640625,0.0
2010-03-03,1100.07080078125,0.0
2010-03-04,1093.9251708984375,0.0
2010-03-05,1093.9251708984375,0.0
2010-03-08,1124.6534423828125,0.0
2010-03-09,1136.9447021484375,0.0
2010-03-10,1149.2359619140625,0.0
2010-03-11,1179.9642333984375,0.0
2010-03-12,1167.6729736328125,0.0
2010-03-15,1179.9642333984375,0.0
2010-03-17,1216.838134765625,0.0
2010-03-18,1278.2945556640625,0.0
2010-03-19,1278.2945556640625,0.0
2010-03-22,1229.12939453125,0.0
2010-03-23,1266.0032958984375,0.0
2010-03-24,1327.459716796875,0.0
2010-03-25,1327.459716796875,0.0
2010-03-26,1339.7509765625,0.0
2010-03-29,1327.459716796875,0.0
2010-03-30,1352.0423583984375,0.0
2010-03-31,1315.16845703125,0.0
2010-04-01,1290.5858154296875,0.0
2010-04-05,1302.877197265625,0.0
2010-04-06,1302.877197265625,0.0
2010-04-07,1290.5858154296875,0.0
2010-04-08,1241.420654296875,0.0
2010-04-09,1241.420654296875,0.0
2010-04-12,1302.877197265625,0.0
2010-04-13,1290.5858154296875,0.0
2010-04-14,1290.5858154296875,0.0
2010-04-15,1290.5858154296875,0.0
2010-04-16,1253.7119140625,0.0
2010-04-19,1253.7119140625,0.0
2010-04-20,1278.2945556640625,0.0
2010-04-21,1315.16845703125,0.0
2010-04-22,1315.16845703125,0.0
2010-04-23,1302.877197265625,0.0
2010-04-26,1290.5858154296875,0.0
2010-04-27,1302.877197265625,0.0
2010-04-28,1302.877197265625,0.0
2010-04-29,1364.3336181640625,0.0
2010-04-30,1425.7900390625,0.0
2010-05-03,1413.498779296875,0.0
2010-05-04,1401.20751953125,0.0
2010-05-05,1302.877197265625,0.0
2010-05-06,1302.877197265625,0.0
2010-05-07,1266.0032958984375,0.0
2010-05-10,1339.7509765625,0.0
2010-05-11,1278.2945556640625,0.0
2010-05-12,1302.877197265625,0.0
2010-05-14,1327.459716796875,0.0
2010-05-17,1327.459716796875,0.0
2010-05-18,1364.3336181640625,0.0
2010-05-19,1290.5858154296875,0.0
2010-05-20,1278.2945556640625,0.0
2010-05-21,1229.12939453125,0.0
2010-05-24,1229.12939453125,0.0
2010-05-25,1192.2554931640625,0.0
2010-05-26,1253.7119140625,0.0
2010-05-27,1241.420654296875,0.0
2010-05-31,1315.16845703125,0.0
2010-06-01,1266.0032958984375,0.0
2010-06-02,1290.5858154296875,0.0
2010-06-03,1339.7509765625,0.0
2010-06-04,1364.3336181640625,0.0
2010-06-07,1302.877197265625,0.0
2010-06-08,1327.459716796875,0.0
2010-06-09,1339.7509765625,0.0
2010-06-10,1302.877197265625,0.0
2010-06-11,1339.7509765625,0.0
2010-06-14,1339.7509765625,0.0
2010-06-15,1364.3336181640625,0.0
2010-06-16,1376.6248779296875,0.0
2010-06-17,1413.498779296875,0.0
2010-06-18,1462.6639404296875,0.0
2010-06-21,1438.0814208984375,0.0
2010-06-22,1413.498779296875,0.0
2010-06-23,1388.916259765625,0.0
2010-06-24,1425.7900390625,0.0
2010-06-25,1474.9552001953125,0.0
2010-06-28,1499.537841796875,0.0
2010-06-29,1450.3726806640625,0.0
2010-06-30,1474.9552001953125,0.0
2010-07-01,1438.0814208984375,0.0
2010-07-02,1413.498779296875,0.0
2010-07-05,1425.7900390625,0.0
2010-07-06,1425.7900390625,0.0
2010-07-07,1401.20751953125,0.0
2010-07-08,1413.498779296875,0.0
2010-07-09,1450.3726806640625,0.0
2010-07-12,1511.8291015625,0.0
2010-07-13,1499.537841796875,0.0
2010-07-14,1499.537841796875,0.0
2010-07-15,1548.7030029296875,0.0
2010-07-16,1499.537841796875,0.0
2010-07-19,1474.9552001953125,0.0
2010-07-20,1499.537841796875,0.0
2010-07-21,1487.24658203125,0.0
2010-07-22,1474.9552001953125,0.0
2010-07-23,1499.537841796875,0.0
2010-07-26,1511.8291015625,0.0
2010-07-27,1474.9552001953125,0.0
2010-07-28,1474.9552001953125,0.0
2010-07-29,1487.24658203125,0.0
2010-07-30,1474.9552001953125,0.0
2010-08-02,1438.0814208984375,0.0
2010-08-03,1388.916259765625,0.0
2010-08-04,1425.7900390625,0.0
2010-08-05,1450.3726806640625,0.0
2010-08-06,1474.9552001953125,0.0
2010-08-09,1487.24658203125,0.0
2010-08-10,1487.24658203125,0.0
2010-08-11,1450.3726806640625,0.0
2010-08-12,1450.3726806640625,0.0
2010-08-13,1450.3726806640625,0.0
2010-08-16,1474.9552001953125,0.0
2010-08-18,1450.3726806640625,0.0
2010-08-19,1487.24658203125,0.0
2010-08-20,1474.9552001953125,0.0
2010-08-23,1487.24658203125,0.0
2010-08-24,1487.24658203125,0.0
2010-08-25,1474.9552001953125,0.0
2010-08-26,1474.9552001953125,0.0
2010-08-27,1450.3726806640625,0.0
2010-08-30,1425.7900390625,0.0
2010-08-31,1450.3726806640625,0.0
2010-09-01,1474.9552001953125,0.0
2010-09-02,1450.3726806640625,0.0
2010-09-03,1487.24658203125,0.0
2010-09-06,1524.1204833984375,0.0
2010-09-07,1548.7030029296875,0.0
2010-09-15,1659.32470703125,0.0
2010-09-16,1634.7420654296875,0.0
2010-09-17,1696.1986083984375,0.0
2010-09-20,1622.4508056640625,0.0
2010-09-21,1560.9942626953125,0.0
2010-09-22,1536.4117431640625,0.0
2010-09-23,1548.7030029296875,0.0
2010-09-24,1622.4508056640625,0.0
2010-09-27,1634.7420654296875,0.0
2010-09-28,1659.32470703125,0.0
2010-09-29,1720.7811279296875,0.0
2010-09-30,1769.9462890625,0.0
2010-10-01,1683.9072265625,0.0
2010-10-04,1720.7811279296875,0.0
2010-10-05,1708.4898681640625,0.0
2010-10-06,1720.7811279296875,0.0
2010-10-07,1720.7811279296875,0.0
2010-10-08,1647.0333251953125,0.0
2010-10-11,1671.615966796875,0.0
2010-10-12,1671.615966796875,0.0
2010-10-13,1696.1986083984375,0.0
2010-10-14,1696.1986083984375,0.0
2010-10-15,1708.4898681640625,0.0
2010-10-18,1696.1986083984375,0.0
2010-10-19,1683.9072265625,0.0
2010-10-20,1659.32470703125,0.0
2010-10-21,1671.615966796875,0.0
2010-10-22,1683.9072265625,0.0
2010-10-25,1696.1986083984375,0.0
2010-10-26,1757.655029296875,0.0
2010-10-27,1708.4898681640625,0.0
2010-10-28,1708.4898681640625,0.0
2010-10-29,1720.7811279296875,0.0
2010-11-01,1745.36376953125,0.0
2010-11-02,1733.0723876953125,0.0
2010-11-03,1720.7811279296875,0.0
2010-11-04,1745.36376953125,0.0
2010-11-05,1769.9462890625,0.0
2010-11-08,1757.655029296875,0.0
2010-11-09,1757.655029296875,0.0
2010-11-10,1757.655029296875,0.0
2010-11-11,1745.36376953125,0.0
2010-11-12,1696.1986083984375,0.0
2010-11-15,1708.4898681640625,0.0
2010-11-16,1733.0723876953125,0.0
2010-11-18,1720.7811279296875,0.0
2010-11-19,1745.36376953125,0.0
2010-11-22,1782.237548828125,0.0
2010-11-23,1720.7811279296875,0.0
2010-11-24,1696.1986083984375,0.0
2010-11-25,1708.4898681640625,0.0
2010-11-26,1659.32470703125,0.0
2010-11-29,1671.615966796875,0.0
2010-11-30,1573.28564453125,0.0
2010-12-01,1647.0333251953125,0.0
2010-12-02,1671.615966796875,0.0
2010-12-03,1647.0333251953125,0.0
2010-12-06,1671.615966796875,0.0
2010-12-08,1659.32470703125,0.0
2010-12-09,1659.32470703125,0.0
2010-12-10,1647.0333251953125,0.0
2010-12-13,1597.8681640625,0.0
2010-12-14,1647.0333251953125,0.0
2010-12-15,1622.4508056640625,0.0
2010-12-16,1585.576904296875,0.0
2010-12-17,1573.28564453125,0.0
2010-12-20,1536.4117431640625,0.0
2010-12-21,1585.576904296875,0.0
2010-12-22,1573.28564453125,0.0
2010-12-23,1560.9942626953125,0.0
2010-12-27,1597.8681640625,0.0
2010-12-28,1585.576904296875,0.0
2010-12-29,1622.4508056640625,0.0
2010-12-30,1597.8681640625,0.0
2011-01-03,1585.576904296875,0.0
2011-01-04,1622.4508056640625,0.0
2011-01-05,1683.9072265625,0.0
2011-01-06,1647.0333251953125,0.0
2011-01-07,1573.28564453125,0.0
2011-01-10,1474.9552001953125,0.0
2011-01-11,1425.7900390625,0.0
2011-01-12,1450.3726806640625,0.0
2011-01-13,1438.0814208984375,0.0
2011-01-14,1413.498779296875,0.0
2011-01-17,1388.916259765625,0.0
2011-01-18,1376.6248779296875,0.0
2011-01-19,1413.498779296875,0.0
2011-01-20,1425.7900390625,0.0
2011-01-21,1376.6248779296875,0.0
2011-01-24,1352.0423583984375,0.0
2011-01-25,1388.916259765625,0.0
2011-01-26,1462.6639404296875,0.0
2011-01-27,1474.9552001953125,0.0
2011-01-28,1487.24658203125,0.0
2011-01-31,1462.6639404296875,0.0
2011-02-01,1499.537841796875,0.0
2011-02-02,1499.537841796875,0.0
2011-02-04,1462.6639404296875,0.0
2011-02-07,1474.9552001953125,0.0
2011-02-08,1487.5,0.0
2011-02-09,1425.0,0.0
2011-02-10,1400.0,0.0
2011-02-11,1387.5,0.0
2011-02-14,1400.0,0.0
2011-02-16,1400.0,0.0
2011-02-17,1387.5,0.0
2011-02-18,1475.0,0.0
2011-02-21,1500.0,0.0
2011-02-22,1487.5,0.0
2011-02-23,1450.0,0.0
2011-02-24,1412.5,0.0
2011-02-25,1437.5,0.0
2011-02-28,1450.0,0.0
2011-03-01,1475.0,0.0
2011-03-02,1487.5,0.0
2011-03-03,1475.0,0.0
2011-03-04,1550.0,0.0
2011-03-07,1587.5,0.0
2011-03-08,1600.0,0.0
2011-03-09,1600.0,0.0
2011-03-10,1587.5,0.0
2011-03-11,1537.5,0.0
2011-03-14,1537.5,0.0
2011-03-15,1500.0,0.0
2011-03-16,1525.0,0.0
2011-03-17,1487.5,0.0
2011-03-18,1500.0,0.0
2011-03-21,1500.0,0.0
2011-03-22,1500.0,0.0
2011-03-23,1487.5,0.0
2011-03-24,1537.5,0.0
2011-03-25,1575.0,0.0
2011-03-28,1550.0,0.0
2011-03-29,1600.0,0.0
2011-03-30,1625.0,0.0
2011-03-31,1700.0,0.0
2011-04-01,1712.5,0.0
2011-04-04,1712.5,0.0
2011-04-05,1662.5,0.0
2011-04-06,1700.0,0.0
2011-04-07,1700.0,0.0
2011-04-08,1750.0,0.0
2011-04-11,1737.5,0.0
2011-04-12,1712.5,0.0
2011-04-13,1700.0,0.0
2011-04-14,1675.0,0.0
2011-04-15,1700.0,0.0
2011-04-18,1675.0,0.0
2011-04-19,1675.0,0.0
2011-04-20,1775.0,0.0
2011-04-21,1775.0,0.0
2011-04-25,1762.5,0.0
2011-04-26,1750.0,0.0
2011-04-27,1787.5,0.0
2011-04-28,1762.5,0.0
2011-04-29,1787.5,0.0
2011-05-02,1837.5,0.0
2011-05-03,1825.0,0.0
2011-05-04,1800.0,0.0
2011-05-05,1800.0,0.0
2011-05-06,1750.0,0.0
2011-05-09,1725.0,0.0
2011-05-10,1762.5,0.0
2011-05-11,1787.5,0.0
2011-05-12,1762.5,0.0
2011-05-13,1787.5,0.0
2011-05-16,1762.5,0.0
2011-05-18,1775.0,0.0
2011-05-19,1812.5,0.0
2011-05-20,1812.5,0.0
2011-05-23,1775.0,0.0
2011-05-24,1775.0,0.0
2011-05-25,1737.5,0.0
2011-05-26,1750.0,0.0
2011-05-27,1787.5,0.0
2011-05-30,1800.0,0.0
2011-05-31,1800.0,0.0
2011-06-01,1787.5,0.0
2011-06-03,1775.0,0.0
2011-06-06,1750.0,0.0
2011-06-07,1762.5,0.0
2011-06-08,1750.0,0.0
2011-06-09,1737.5,0.0
2011-06-10,1750.0,0.0
2011-06-13,1725.0,0.0
2011-06-14,1737.5,0.0
2011-06-15,1737.5,0.0
2011-06-16,1687.5,0.0
2011-06-17,1700.0,0.0
2011-06-20,1712.5,0.0
2011-06-21,1737.5,0.0
2011-06-22,1762.5,0.0
2011-06-23,1750.0,0.0
2011-06-24,1762.5,0.0
2011-06-27,1762.5,0.0
2011-06-28,1762.5,0.0
2011-06-30,1800.0,0.0
2011-07-01,1825.0,0.0
2011-07-04,1825.0,0.0
2011-07-05,1800.0,0.0
2011-07-06,1812.5,0.0
2011-07-07,1837.5,0.0
2011-07-08,1900.0,0.0
2011-07-11,1925.0,0.0
2011-07-12,1887.5,0.0
2011-07-13,1900.0,0.0
2011-07-14,1950.0,0.0
2011-07-15,1975.0,0.0
2011-07-18,1962.5,0.0
2011-07-19,1912.5,0.0
2011-07-20,1900.0,0.0
2011-07-21,1887.5,0.0
2011-07-22,1900.0,0.0
2011-07-25,1925.0,0.0
2011-07-26,1962.5,0.0
2011-07-27,2012.5,0.0
2011-07-28,1975.0,0.0
2011-07-29,1962.5,0.0
2011-08-01,2012.5,0.0
2011-08-02,1975.0,0.0
2011-08-03,1912.5,0.0
2011-08-04,1925.0,0.0
2011-08-05,1837.5,0.0
2011-08-08,1837.5,0.0
2011-08-09,1800.0,0.0
2011-08-10,1875.0,0.0
2011-08-11,1825.0,0.0
2011-08-12,1800.0,0.0
2011-08-15,1825.0,0.0
2011-08-16,1812.5,0.0
2011-08-18,1837.5,0.0
2011-08-19,1737.5,0.0
2011-08-22,1700.0,0.0
2011-08-23,1725.0,0.0
2011-08-24,1712.5,0.0
2011-08-25,1725.0,0.0
2011-08-26,1712.5,0.0
2011-09-05,1712.5,0.0
2011-09-06,1700.0,0.0
2011-09-07,1775.0,0.0
2011-09-08,1800.0,0.0
2011-09-09,1800.0,0.0
2011-09-12,1725.0,0.0
2011-09-13,1712.5,0.0
2011-09-14,1612.5,0.0
2011-09-15,1587.5,0.0
2011-09-16,1662.5,0.0
2011-09-19,1587.5,0.0
2011-09-20,1575.0,0.0
2011-09-21,1550.0,0.0
2011-09-22,1325.0,0.0
2011-09-23,1400.0,0.0
2011-09-26,1375.0,0.0
2011-09-27,1487.5,0.0
2011-09-28,1550.0,0.0
2011-09-29,1612.5,0.0
2011-09-30,1575.0,0.0
2011-10-03,1437.5,0.0
2011-10-04,1387.5,0.0
2011-10-05,1412.5,0.0
2011-10-06,1512.5,0.0
2011-10-07,1500.0,0.0
2011-10-10,1562.5,0.0
2011-10-11,1612.5,0.0
2011-10-12,1662.5,0.0
2011-10-13,1662.5,0.0
2011-10-14,1650.0,0.0
2011-10-17,1687.5,0.0
2011-10-18,1600.0,0.0
2011-10-19,1650.0,0.0
2011-10-20,1600.0,0.0
2011-10-21,1612.5,0.0
2011-10-24,1725.0,0.0
2011-10-25,1700.0,0.0
2011-10-26,1712.5,0.0
2011-10-27,1787.5,0.0
2011-10-28,1800.0,0.0
2011-10-31,1787.5,0.0
2011-11-01,1700.0,0.0
2011-11-02,1775.0,0.0
2011-11-03,1725.0,0.0
2011-11-04,1800.0,0.0
2011-11-07,1800.0,0.0
2011-11-08,1812.5,0.0
2011-11-09,1850.0,0.0
2011-11-10,1787.5,0.0
2011-11-11,1787.5,0.0
2011-11-14,1825.0,0.0
2011-11-15,1787.5,0.0
2011-11-16,1775.0,0.0
2011-11-17,1750.0,0.0
2011-11-18,1700.0,0.0
2011-11-21,1637.5,0.0
2011-11-22,1700.0,0.0
2011-11-23,1662.5,0.0
2011-11-24,1675.0,0.0
2011-11-25,1612.5,0.0
2011-11-28,1600.0,0.0
2011-11-29,1637.5,0.0
2011-11-30,1600.0,0.0
2011-12-01,1600.0,0.0
2011-12-02,1675.0,0.0
2011-12-05,1675.0,0.0
2011-12-06,1650.0,0.0
2011-12-07,1675.0,0.0
2011-12-08,1662.5,0.0
2011-12-09,1650.0,0.0
2011-12-12,1650.0,0.0
2011-12-13,1625.0,0.0
2011-12-14,1612.5,0.0
2011-12-15,1612.5,0.0
2011-12-16,1675.0,0.0
2011-12-19,1675.0,0.0
2011-12-20,1712.5,0.0
2011-12-21,1712.5,0.0
2011-12-22,1687.5,0.0
2011-12-23,1700.0,0.0
2011-12-27,1687.5,0.0
2011-12-28,1650.0,0.0
2011-12-29,1675.0,0.0
2011-12-30,1687.5,0.0
2012-01-02,1675.0,0.0
2012-01-03,1700.0,0.0
2012-01-04,1712.5,0.0
2012-01-05,1687.5,0.0
2012-01-06,1675.0,0.0
2012-01-09,1675.0,0.0
2012-01-10,1712.5,0.0
2012-01-11,1712.5,0.0
2012-01-12,1700.0,0.0
2012-01-13,1712.5,0.0
2012-01-16,1675.0,0.0
2012-01-17,1700.0,0.0
2012-01-18,1737.5,0.0
2012-01-19,1775.0,0.0
2012-01-20,1762.5,0.0
2012-01-24,1762.5,0.0
2012-01-25,1737.5,0.0
2012-01-26,1737.5,0.0
2012-01-27,1712.5,0.0
2012-01-30,1662.5,0.0
2012-01-31,1675.0,0.0
2012-02-01,1687.5,0.0
2012-02-02,1662.5,0.0
2012-02-03,1637.5,0.0
2012-02-06,1600.0,0.0
2012-02-07,1600.0,0.0
2012-02-08,1600.0,0.0
2012-02-09,1575.0,0.0
2012-02-10,1537.5,0.0
2012-02-13,1587.5,0.0
2012-02-14,1562.5,0.0
2012-02-15,1550.0,0.0
2012-02-16,1562.5,0.0
2012-02-17,1587.5,0.0
2012-02-20,1600.0,0.0
2012-02-21,1612.5,0.0
2012-02-22,1612.5,0.0
2012-02-23,1575.0,0.0
2012-02-24,1525.0,0.0
2012-02-27,1512.5,0.0
2012-02-28,1562.5,0.0
2012-02-29,1612.5,0.0
2012-03-01,1587.5,0.0
2012-03-02,1625.0,0.0
2012-03-05,1625.0,0.0
2012-03-06,1625.0,0.0
2012-03-07,1600.0,0.0
2012-03-08,1637.5,0.0
2012-03-09,1650.0,0.0
2012-03-12,1675.0,0.0
2012-03-13,1687.5,0.0
2012-03-14,1712.5,0.0
2012-03-15,1700.0,0.0
2012-03-16,1725.0,0.0
2012-03-19,1725.0,0.0
2012-03-20,1725.0,0.0
2012-03-21,1725.0,0.0
2012-03-22,1712.5,0.0
2012-03-26,1687.5,0.0
2012-03-27,1675.0,0.0
2012-03-28,1712.5,0.0
2012-03-29,1700.0,0.0
2012-03-30,1712.5,0.0
2012-04-02,1737.5,0.0
2012-04-03,1737.5,0.0
2012-04-04,1737.5,0.0
2012-04-05,1762.5,0.0
2012-04-09,1737.5,0.0
2012-04-10,1725.0,0.0
2012-04-11,1737.5,0.0
2012-04-12,1737.5,0.0
2012-04-13,1750.0,0.0
2012-04-16,1737.5,0.0
2012-04-17,1762.5,0.0
2012-04-18,1775.0,0.0
2012-04-19,1762.5,0.0
2012-04-20,1787.5,0.0
2012-04-23,1737.5,0.0
2012-04-24,1762.5,0.0
2012-04-25,1750.0,0.0
2012-04-26,1825.0,0.0
2012-04-27,1825.0,0.0
2012-04-30,1850.0,0.0
2012-05-01,1850.0,0.0
2012-05-02,1850.0,0.0
2012-05-03,1812.5,0.0
2012-05-04,1837.5,0.0
2012-05-07,1787.5,0.0
2012-05-08,1812.5,0.0
2012-05-09,1800.0,0.0
2012-05-10,1812.5,0.0
2012-05-11,1800.0,0.0
2012-05-14,1800.0,0.0
2012-05-15,1787.5,0.0
2012-05-16,1775.0,0.0
2012-05-21,1737.5,0.0
2012-05-22,1787.5,0.0
2012-05-23,1762.5,0.0
2012-05-24,1775.0,0.0
2012-05-25,1725.0,0.0
2012-05-28,1762.5,0.0
2012-05-29,1725.0,0.0
2012-05-30,1762.5,0.0
2012-05-31,1725.0,0.0
2012-06-01,1725.0,0.0
2012-06-04,1650.0,0.0
2012-06-05,1662.5,0.0
2012-06-06,1725.0,0.0
2012-06-07,1725.0,0.0
2012-06-08,1737.5,0.0
2012-06-11,1750.0,0.0
2012-06-12,1737.5,0.0
2012-06-13,1750.0,0.0
2012-06-14,1700.0,0.0
2012-06-15,1750.0,0.0
2012-06-18,1775.0,0.0
2012-06-19,1787.5,0.0
2012-06-20,1812.5,0.0
2012-06-21,1812.5,0.0
2012-06-22,1800.0,0.0
2012-06-25,1750.0,0.0
2012-06-26,1737.5,0.0
2012-06-27,1787.5,0.0
2012-06-28,1775.0,0.0
2012-06-29,1800.0,0.0
2012-07-02,1812.5,0.0
2012-07-03,1837.5,0.0
2012-07-04,1837.5,0.0
2012-07-05,1800.0,0.0
2012-07-06,1775.0,0.0
2012-07-09,1725.0,0.0
2012-07-10,1737.5,0.0
2012-07-11,1762.5,0.0
2012-07-12,1762.5,0.0
2012-07-13,1775.0,0.0
2012-07-16,1775.0,0.0
2012-07-17,1812.5,0.0
2012-07-18,1850.0,0.0
2012-07-19,1900.0,0.0
2012-07-20,1925.0,0.0
2012-07-23,1850.0,0.0
2012-07-24,1850.0,0.0
2012-07-25,1875.0,0.0
2012-07-26,1862.5,0.0
2012-07-27,1912.5,0.0
2012-07-30,1962.5,0.0
2012-07-31,2075.0,0.0
2012-08-01,2075.0,0.0
2012-08-02,2062.5,0.0
2012-08-03,2075.0,0.0
2012-08-06,2025.0,0.0
2012-08-07,2012.5,0.0
2012-08-08,2000.0,0.0
2012-08-09,2075.0,0.0
2012-08-10,2087.5,0.0
2012-08-13,2062.5,0.0
2012-08-14,2075.0,0.0
2012-08-15,2075.0,0.0
2012-08-16,2087.5,0.0
2012-08-23,2087.5,0.0
2012-08-24,2050.0,0.0
2012-08-27,2050.0,0.0
2012-08-28,2037.5,0.0
2012-08-29,1950.0,0.0
2012-08-30,1862.5,0.0
2012-08-31,1950.0,0.0
2012-09-03,1975.0,0.0
2012-09-04,1987.5,0.0
2012-09-05,1962.5,0.0
2012-09-06,1962.5,0.0
2012-09-07,1975.0,0.0
2012-09-10,1975.0,0.0
2012-09-11,1937.5,0.0
2012-09-12,1912.5,0.0
2012-09-13,1925.0,0.0
2012-09-14,1987.5,0.0
2012-09-17,2012.5,0.0
2012-09-18,2012.5,0.0
2012-09-19,2000.0,0.0
2012-09-20,1975.0,0.0
2012-09-21,1987.5,0.0
2012-09-24,2000.0,0.0
2012-09-25,2025.0,0.0
2012-09-26,2050.0,0.0
2012-09-27,2062.5,0.0
2012-09-28,2050.0,0.0
2012-10-01,2012.5,0.0
2012-10-02,2012.5,0.0
2012-10-03,2000.0,0.0
2012-10-04,2012.5,0.0
2012-10-05,2025.0,0.0
2012-10-08,2025.0,0.0
2012-10-09,2025.0,0.0
2012-10-10,2025.0,0.0
2012-10-11,1987.5,0.0
2012-10-12,2025.0,0.0
2012-10-15,2037.5,0.0
2012-10-16,2050.0,0.0
2012-10-17,2050.0,0.0
2012-10-18,2037.5,0.0
2012-10-19,2012.5,0.0
2012-10-22,2050.0,0.0
2012-10-23,2025.0,0.0
2012-10-24,2012.5,0.0
2012-10-25,2050.0,0.0
2012-10-29,2050.0,0.0
2012-10-30,2100.0,0.0
2012-10-31,2062.5,0.0
2012-11-01,2075.0,0.0
2012-11-02,2100.0,0.0
2012-11-05,2100.0,0.0
2012-11-06,2100.0,0.0
2012-11-07,2137.5,0.0
2012-11-08,2112.5,0.0
2012-11-09,2150.0,0.0
2012-11-12,2137.5,0.0
2012-11-13,2112.5,0.0
2012-11-14,2175.0,0.0
2012-11-19,2125.0,0.0
2012-11-20,2125.0,0.0
2012-11-21,2125.0,0.0
2012-11-22,2150.0,0.0
2012-11-23,2175.0,0.0
2012-11-26,2200.0,0.0
2012-11-27,2187.5,0.0
2012-11-28,2175.0,0.0
2012-11-29,2175.0,0.0
2012-11-30,2062.5,0.0
2012-12-03,2112.5,0.0
2012-12-04,2037.5,0.0
2012-12-05,2050.0,0.0
2012-12-06,2025.0,0.0
2012-12-07,1987.5,0.0
2012-12-10,1987.5,0.0
2012-12-11,2000.0,0.0
2012-12-12,2025.0,0.0
2012-12-13,2000.0,0.0
2012-12-14,2012.5,0.0
2012-12-17,2037.5,0.0
2012-12-18,2025.0,0.0
2012-12-19,2000.0,0.0
2012-12-20,2000.0,0.0
2012-12-21,2000.0,0.0
2012-12-26,2000.0,0.0
2012-12-27,1950.0,0.0
2012-12-28,2025.0,0.0
2013-01-02,2062.5,0.0
2013-01-03,2050.0,0.0
2013-01-04,2062.5,0.0
2013-01-07,2050.0,0.0
2013-01-08,2087.5,0.0
2013-01-09,2062.5,0.0
2013-01-10,2012.5,0.0
2013-01-11,2012.5,0.0
2013-01-14,2100.0,0.0
2013-01-15,2125.0,0.0
2013-01-16,2150.0,0.0
2013-01-17,2150.0,0.0
2013-01-18,2175.0,0.0
2013-01-21,2137.5,0.0
2013-01-22,2100.0,0.0
2013-01-23,2112.5,0.0
2013-01-25,2200.0,0.0
2013-01-28,2187.5,0.0
2013-01-29,2162.5,0.0
2013-01-30,2225.0,0.0
2013-01-31,2262.5,0.0
2013-02-01,2250.0,0.0
2013-02-04,2225.0,0.0
2013-02-05,2212.5,0.0
2013-02-06,2200.0,0.0
2013-02-07,2200.0,0.0
2013-02-08,2212.5,0.0
2013-02-11,2187.5,0.0
2013-02-12,2237.5,0.0
2013-02-13,2250.0,0.0
2013-02-14,2275.0,0.0
2013-02-15,2275.0,0.0
2013-02-18,2275.0,0.0
2013-02-19,2275.0,0.0
2013-02-20,2312.5,0.0
2013-02-21,2337.5,0.0
2013-02-22,2387.5,0.0
2013-02-25,2437.5,0.0
2013-02-26,2425.0,0.0
2013-02-27,2475.0,0.0
2013-02-28,2512.5,0.0
2013-03-01,2475.0,0.0
2013-03-04,2475.0,0.0
2013-03-05,2387.5,0.0
2013-03-06,2412.5,0.0
2013-03-07,2462.5,0.0
2013-03-08,2462.5,0.0
2013-03-11,2487.5,0.0
2013-03-13,2475.0,0.0
2013-03-14,2462.5,0.0
2013-03-15,2500.0,0.0
2013-03-18,2475.0,0.0
2013-03-19,2512.5,0.0
2013-03-20,2475.0,0.0
2013-03-21,2400.0,0.0
2013-03-22,2387.5,0.0
2013-03-25,2387.5,0.0
2013-03-26,2400.0,0.0
2013-03-27,2500.0,0.0
2013-03-28,2500.0,0.0
2013-04-01,2475.0,0.0
2013-04-02,2462.5,0.0
2013-04-03,2500.0,0.0
2013-04-04,2475.0,0.0
2013-04-05,2512.5,0.0
2013-04-08,2500.0,0.0
2013-04-09,2550.0,0.0
2013-04-10,2525.0,0.0
2013-04-11,2550.0,0.0
2013-04-12,2587.5,0.0
2013-04-15,2537.5,0.0
2013-04-16,2587.5,0.0
2013-04-17,2650.0,0.0
2013-04-18,2687.5,0.0
2013-04-19,2650.0,0.0
2013-04-22,2675.0,0.0
2013-04-23,2637.5,0.0
2013-04-24,2625.0,0.0
2013-04-25,2650.0,0.0
2013-04-26,2662.5,0.0
2013-04-29,2650.0,0.0
2013-04-30,2625.0,0.0
2013-05-01,2637.5,0.0
2013-05-02,2537.5,0.0
2013-05-03,2450.0,0.0
2013-05-06,2512.5,0.0
2013-05-07,2562.5,0.0
2013-05-08,2587.5,0.0
2013-05-10,2575.0,0.0
2013-05-13,2512.5,0.0
2013-05-14,2537.5,0.0
2013-05-15,2537.5,0.0
2013-05-16,2512.5,0.0
2013-05-17,2512.5,0.0
2013-05-20,2600.0,0.0
2013-05-21,2587.5,0.0
2013-05-22,2562.5,0.0
2013-05-23,2537.5,0.0
2013-05-24,2512.5,0.0
2013-05-27,2500.0,0.0
2013-05-28,2550.0,0.0
2013-05-29,2550.0,0.0
2013-05-30,2475.0,0.0
2013-05-31,2425.0,0.0
2013-06-03,2400.0,0.0
2013-06-04,2462.5,0.0
2013-06-05,2400.0,0.0
2013-06-07,2350.0,0.0
2013-06-10,2262.5,0.0
2013-06-11,2212.5,0.0
2013-06-12,2200.0,0.0
2013-06-13,2225.0,0.0
2013-06-14,2362.5,0.0
2013-06-17,2275.0,0.0
2013-06-18,2350.0,0.0
2013-06-19,2350.0,0.0
2013-06-20,2187.5,0.0
2013-06-21,2150.0,0.0
2013-06-24,2100.0,0.0
2013-06-25,2062.5,0.0
2013-06-26,2137.5,0.0
2013-06-27,2187.5,0.0
2013-06-28,2250.0,0.0
2013-07-01,2225.0,0.0
2013-07-02,2137.5,0.0
2013-07-03,2025.0,0.0
2013-07-04,2037.5,0.0
2013-07-05,2037.5,0.0
2013-07-08,1887.5,0.0
2013-07-09,1875.0,0.0
2013-07-10,1937.5,0.0
2013-07-11,2125.0,0.0
2013-07-12,2062.5,0.0
2013-07-15,2050.0,0.0
2013-07-16,2112.5,0.0
2013-07-17,2125.0,0.0
2013-07-18,2200.0,0.0
2013-07-19,2175.0,0.0
2013-07-22,2125.0,0.0
2013-07-23,2237.5,0.0
2013-07-24,2225.0,0.0
2013-07-25,2150.0,0.0
2013-07-26,2187.5,0.0
2013-07-29,2175.0,0.0
2013-07-30,2175.0,0.0
2013-07-31,2225.0,0.0
2013-08-01,2200.0,0.0
2013-08-02,2175.0,0.0
2013-08-12,2100.0,0.0
2013-08-13,2100.0,0.0
2013-08-14,2150.0,0.0
2013-08-15,2150.0,0.0
2013-08-16,2075.0,0.0
2013-08-19,1912.5,0.0
2013-08-20,1950.0,0.0
2013-08-21,1900.0,0.0
2013-08-22,1862.5,0.0
2013-08-23,1850.0,0.0
2013-08-26,1775.0,0.0
2013-08-27,1662.5,0.0
2013-08-28,1725.0,0.0
2013-08-29,1737.5,0.0
2013-08-30,1775.0,0.0
2013-09-02,1675.0,0.0
2013-09-03,1750.0,0.0
2013-09-04,1700.0,0.0
2013-09-05,1700.0,0.0
2013-09-06,1675.0,0.0
2013-09-09,1737.5,0.0
2013-09-10,1975.0,0.0
2013-09-11,2000.0,0.0
2013-09-12,2087.5,0.0
2013-09-13,2125.0,0.0
2013-09-16,2237.5,0.0
2013-09-17,2250.0,0.0
2013-09-18,2162.5,0.0
2013-09-19,2312.5,0.0
2013-09-20,2237.5,0.0
2013-09-23,2175.0,0.0
2013-09-24,2150.0,0.0
2013-09-25,2062.5,0.0
2013-09-26,2050.0,0.0
2013-09-27,2075.0,0.0
2013-09-30,1987.5,0.0
2013-10-01,2050.0,0.0
2013-10-02,2087.5,0.0
2013-10-03,2100.0,0.0
2013-10-04,2087.5,0.0
2013-10-07,2075.0,0.0
2013-10-08,2150.0,0.0
2013-10-09,2175.0,0.0
2013-10-10,2187.5,0.0
2013-10-11,2137.5,0.0
2013-10-16,2112.5,0.0
2013-10-17,2087.5,0.0
2013-10-18,2062.5,0.0
2013-10-21,2075.0,0.0
2013-10-22,2037.5,0.0
2013-10-23,2112.5,0.0
2013-10-24,2200.0,0.0
2013-10-25,2200.0,0.0
2013-10-28,2175.0,0.0
2013-10-29,2162.5,0.0
2013-10-30,2187.5,0.0
2013-10-31,2150.0,0.0
2013-11-01,2087.5,0.0
2013-11-04,2062.5,0.0
2013-11-06,2062.5,0.0
2013-11-07,2087.5,0.0
2013-11-08,2050.0,0.0
2013-11-11,2000.0,0.0
2013-11-12,1925.0,0.0
2013-11-13,1862.5,0.0
2013-11-14,1975.0,0.0
2013-11-15,1950.0,0.0
2013-11-18,1962.5,0.0
2013-11-19,1925.0,0.0
2013-11-20,1912.5,0.0
2013-11-21,1887.5,0.0
2013-11-22,1887.5,0.0
2013-11-25,1950.0,0.0
2013-11-26,1925.0,0.0
2013-11-27,1887.5,0.0
2013-11-28,1875.0,0.0
2013-11-29,1912.5,0.0
2013-12-02,1925.0,0.0
2013-12-03,1962.5,0.0
2013-12-04,1912.5,0.0
2013-12-05,1900.0,0.0
2013-12-06,1825.0,0.0
2013-12-09,1912.5,0.0
2013-12-10,1962.5,0.0
2013-12-11,1950.0,0.0
2013-12-12,1912.5,0.0
2013-12-13,1925.0,0.0
2013-12-16,1875.0,0.0
2013-12-17,1962.5,0.0
2013-12-18,1925.0,0.0
2013-12-19,1987.5,0.0
2013-12-20,2000.0,0.0
2013-12-23,1962.5,0.0
2013-12-24,1950.0,0.0
2013-12-27,1912.5,0.0
2013-12-30,1962.5,0.0
2014-01-02,2025.0,0.0
2014-01-03,1950.0,0.0
2014-01-06,1912.5,0.0
2014-01-07,1906.25,0.0
2014-01-08,1956.25,0.0
2014-01-09,1950.0,0.0
2014-01-10,2062.5,0.0
2014-01-13,2200.0,0.0
2014-01-15,2200.0,0.0
2014-01-16,2156.25,0.0
2014-01-17,2187.5,0.0
2014-01-20,2187.5,0.0
2014-01-21,2193.75,0.0
2014-01-22,2237.5,0.0
2014-01-23,2218.75,0.0
2014-01-24,2168.75,0.0
2014-01-27,2075.0,0.0
2014-01-28,2068.75,0.0
2014-01-29,2175.0,0.0
2014-01-30,2175.0,0.0
2014-02-03,2175.0,0.0
2014-02-04,2131.25,0.0
2014-02-05,2150.0,0.0
2014-02-06,2156.25,0.0
2014-02-07,2193.75,0.0
2014-02-10,2187.5,0.0
2014-02-11,2237.5,0.0
2014-02-12,2243.75,0.0
2014-02-13,2250.0,0.0
2014-02-14,2256.25,0.0
2014-02-17,2287.5,0.0
2014-02-18,2281.25,0.0
2014-02-19,2281.25,0.0
2014-02-20,2306.25,0.0
2014-02-21,2356.25,0.0
2014-02-24,2350.0,0.0
2014-02-25,2262.5,0.0
2014-02-26,2237.5,0.0
2014-02-27,2250.0,0.0
2014-02-28,2275.0,0.0
2014-03-03,2275.0,0.0
2014-03-04,2281.25,0.0
2014-03-05,2350.0,0.0
2014-03-06,2350.0,0.0
2014-03-07,2312.5,0.0
2014-03-10,2300.0,0.0
2014-03-11,2343.75,0.0
2014-03-12,2306.25,0.0
2014-03-13,2325.0,0.0
2014-03-14,2537.5,0.0
2014-03-17,2493.75,0.0
2014-03-18,2431.25,0.0
2014-03-19,2443.75,0.0
2014-03-20,2337.5,0.0
2014-03-21,2343.75,0.0
2014-03-24,2375.0,0.0
2014-03-25,2381.25,0.0
2014-03-26,2393.75,0.0
2014-03-27,2350.0,0.0
2014-03-28,2362.5,0.0
2014-04-01,2487.5,0.0
2014-04-02,2537.5,0.0
2014-04-03,2575.0,0.0
2014-04-04,2531.25,0.0
2014-04-07,2562.5,0.0
2014-04-08,2562.5,0.0
2014-04-09,2562.5,0.0
2014-04-10,2412.5,0.0
2014-04-11,2425.0,0.0
2014-04-14,2437.5,0.0
2014-04-15,2437.5,0.0
2014-04-16,2493.75,0.0
2014-04-17,2462.5,0.0
2014-04-21,2456.25,0.0
2014-04-22,2462.5,0.0
2014-04-23,2475.0,0.0
2014-04-24,2468.75,0.0
2014-04-25,2475.0,0.0
2014-04-28,2437.5,0.0
2014-04-29,2450.0,0.0
2014-04-30,2456.25,0.0
2014-05-02,2468.75,0.0
2014-05-05,2462.5,0.0
2014-05-06,2468.75,0.0
2014-05-07,2493.75,0.0
2014-05-08,2506.25,0.0
2014-05-09,2518.75,0.0
2014-05-12,2493.75,0.0
2014-05-13,2518.75,0.0
2014-05-14,2581.25,0.0
2014-05-16,2650.0,0.0
2014-05-19,2656.25,0.0
2014-05-20,2525.0,0.0
2014-05-21,2537.5,0.0
2014-05-22,2593.75,0.0
2014-05-23,2593.75,0.0
2014-05-26,2581.25,0.0
2014-05-28,2593.75,0.0
2014-05-30,2543.75,0.0
2014-06-02,2550.0,0.0
2014-06-03,2550.0,0.0
2014-06-04,2537.5,0.0
2014-06-05,2550.0,0.0
2014-06-06,2518.75,0.0
2014-06-09,2450.0,0.0
2014-06-10,2493.75,0.0
2014-06-11,2487.5,0.0
2014-06-12,2481.25,0.0
2014-06-13,2481.25,0.0
2014-06-16,2462.5,0.0
2014-06-17,2475.0,0.0
2014-06-18,2468.75,0.0
2014-06-19,2450.0,0.0
2014-06-20,2450.0,0.0
2014-06-23,2437.5,0.0
2014-06-24,2443.75,0.0
2014-06-25,2437.5,0.0
2014-06-26,2462.5,0.0
2014-06-27,2412.5,0.0
2014-06-30,2431.25,0.0
2014-07-01,2456.25,0.0
2014-07-02,2462.5,0.0
2014-07-03,2412.5,0.0
2014-07-04,2418.75,0.0
2014-07-07,2481.25,0.0
2014-07-08,2537.5,0.0
2014-07-09,2537.5,0.0
2014-07-10,2618.75,0.0
2014-07-11,2625.0,0.0
2014-07-14,2625.0,0.0
2014-07-15,2637.5,0.0
2014-07-16,2650.0,0.0
2014-07-17,2656.25,0.0
2014-07-18,2656.25,0.0
2014-07-21,2662.5,0.0
2014-07-22,2618.75,0.0
2014-07-23,2625.0,0.0
2014-07-24,2612.5,0.0
2014-07-25,2562.5,0.0
2014-08-04,2568.75,0.0
2014-08-05,2600.0,0.0
2014-08-06,2568.75,0.0
2014-08-07,2550.0,0.0
2014-08-08,2550.0,0.0
2014-08-11,2618.75,0.0
2014-08-12,2625.0,0.0
2014-08-13,2625.0,0.0
2014-08-14,2618.75,0.0
2014-08-15,2612.5,0.0
2014-08-18,2618.75,0.0
2014-08-19,2631.25,0.0
2014-08-20,2637.5,0.0
2014-08-21,2637.5,0.0
2014-08-22,2631.25,0.0
2014-08-25,2643.75,0.0
2014-08-26,2618.75,0.0
2014-08-27,2637.5,0.0
2014-08-28,2631.25,0.0
2014-08-29,2593.75,0.0
2014-09-01,2625.0,0.0
2014-09-02,2625.0,0.0
2014-09-03,2637.5,0.0
2014-09-04,2637.5,0.0
2014-09-05,2618.75,0.0
2014-09-08,2637.5,0.0
2014-09-09,2618.75,0.0
2014-09-10,2612.5,0.0
2014-09-11,2600.0,0.0
2014-09-12,2550.0,0.0
2014-09-15,2556.25,0.0
2014-09-16,2537.5,0.0
2014-09-17,2568.75,0.0
2014-09-18,2606.25,0.0
2014-09-19,2631.25,0.0
2014-09-22,2662.5,0.0
2014-09-23,2675.0,0.0
2014-09-24,2637.5,0.0
2014-09-25,2631.25,0.0
2014-09-26,2512.5,0.0
2014-09-29,2518.75,0.0
2014-09-30,2518.75,0.0
2014-10-01,2525.0,0.0
2014-10-02,2475.0,0.0
2014-10-03,2412.5,0.0
2014-10-06,2456.25,0.0
2014-10-07,2437.5,0.0
2014-10-08,2375.0,0.0
2014-10-09,2387.5,0.0
2014-10-10,2387.5,0.0
2014-10-13,2350.0,0.0
2014-10-14,2362.5,0.0
2014-10-15,2412.5,0.0
2014-10-16,2412.5,0.0
2014-10-17,2481.25,0.0
2014-10-20,2531.25,0.0
2014-10-21,2506.25,0.0
2014-10-22,2525.0,0.0
2014-10-23,2543.75,0.0
2014-10-24,2525.0,0.0
2014-10-27,2493.75,0.0
2014-10-28,2500.0,0.0
2014-10-29,2543.75,0.0
2014-10-30,2550.0,0.0
2014-10-31,2587.5,0.0
2014-11-03,2593.75,0.0
2014-11-04,2625.0,0.0
2014-11-05,2606.25,0.0
2014-11-06,2581.25,0.0
2014-11-07,2543.75,0.0
2014-11-10,2575.0,0.0
2014-11-11,2631.25,0.0
2014-11-12,2637.5,0.0
2014-11-13,2606.25,0.0
2014-11-14,2625.0,0.0
2014-11-17,2618.75,0.0
2014-11-18,2625.0,0.0
2014-11-19,2631.25,0.0
2014-11-20,2612.5,0.0
2014-11-21,2593.75,0.0
2014-11-24,2625.0,0.0
2014-11-25,2612.5,0.0
2014-11-26,2631.25,0.0
2014-11-27,2618.75,0.0
2014-11-28,2631.25,0.0
2014-12-01,2656.25,0.0
2014-12-02,2687.5,0.0
2014-12-03,2675.0,0.0
2014-12-04,2656.25,0.0
2014-12-05,2662.5,0.0
2014-12-08,2637.5,0.0
2014-12-09,2631.25,0.0
2014-12-10,2693.75,0.0
2014-12-11,2681.25,0.0
2014-12-12,2687.5,0.0
2014-12-15,2631.25,0.0
2014-12-16,2556.25,0.0
2014-12-17,2650.0,0.0
2014-12-18,2662.5,0.0
2014-12-19,2662.5,0.0
2014-12-22,2656.25,0.0
2014-12-23,2650.0,0.0
2014-12-24,2675.0,0.0
2014-12-29,2681.25,0.0
2014-12-30,2693.75,0.0
2015-01-02,2706.25,0.0
2015-01-05,2700.0,0.0
2015-01-06,2681.25,0.0
2015-01-07,2712.5,0.0
2015-01-08,2737.5,0.0
2015-01-09,2781.25,0.0
2015-01-12,2706.25,0.0
2015-01-13,2687.5,0.0
2015-01-14,2681.25,0.0
2015-01-15,2725.0,0.0
2015-01-16,2675.0,0.0
2015-01-19,2681.25,0.0
2015-01-20,2687.5,0.0
2015-01-21,2743.75,0.0
2015-01-22,2750.0,0.0
2015-01-23,2843.75,0.0
2015-01-26,2775.0,0.0
2015-01-27,2768.75,0.0
2015-01-28,2743.75,0.0
2015-01-29,2743.75,0.0
2015-01-30,2750.0,0.0
2015-02-02,2812.5,0.0
2015-02-03,2837.5,0.0
2015-02-04,2843.75,0.0
2015-02-05,2812.5,0.0
2015-02-06,2837.5,0.0
2015-02-09,2925.0,0.0
2015-02-10,2906.25,0.0
2015-02-11,2937.5,0.0
2015-02-12,2943.75,0.0
2015-02-13,2975.0,0.0
2015-02-16,2943.75,0.0
2015-02-17,2925.0,0.0
2015-02-18,2981.25,0.0
2015-02-20,3018.75,0.0
2015-02-23,2968.75,0.0
2015-02-24,2968.75,0.0
2015-02-25,2975.0,0.0
2015-02-26,2968.75,0.0
2015-02-27,3000.0,0.0
2015-03-02,3000.0,0.0
2015-03-03,2975.0,0.0
2015-03-04,2962.5,0.0
2015-03-05,2956.25,0.0
2015-03-06,3025.0,0.0
2015-03-09,2950.0,0.0
2015-03-10,3006.25,0.0
2015-03-11,2968.75,0.0
2015-03-12,2975.0,0.0
2015-03-13,2975.0,0.0
2015-03-16,3000.0,0.0
2015-03-17,2993.75,0.0
2015-03-18,2987.5,0.0
2015-03-19,3050.0,0.0
2015-03-20,3050.0,0.0
2015-03-23,3043.75,0.0
2015-03-24,3018.75,0.0
2015-03-25,3006.25,0.0
2015-03-26,3012.5,0.0
2015-03-27,2987.5,0.0
2015-03-30,3025.0,0.0
2015-03-31,3118.75,0.0
2015-04-01,3068.75,0.0
2015-04-02,3068.75,0.0
2015-04-06,3043.75,0.0
2015-04-07,3043.75,0.0
2015-04-08,3018.75,0.0
2015-04-09,3000.0,0.0
2015-04-10,3000.0,0.0
2015-04-13,3012.5,0.0
2015-04-14,2962.5,0.0
2015-04-15,3012.5,0.0
2015-04-16,3000.0,0.0
2015-04-17,3000.0,0.0
2015-04-20,3018.75,0.0
2015-04-21,3037.5,0.0
2015-04-22,3006.25,0.0
2015-04-23,3000.0,0.0
2015-04-24,2975.0,0.0
2015-04-27,2812.5,0.0
2015-04-28,2725.0,0.0
2015-04-29,2637.5,0.0
2015-04-30,2687.5,0.0
2015-05-04,2793.75,0.0
2015-05-05,2806.25,0.0
2015-05-06,2850.0,0.0
2015-05-07,2793.75,0.0
2015-05-08,2793.75,0.0
2015-05-11,2781.25,0.0
2015-05-12,2818.75,0.0
2015-05-13,2812.5,0.0
2015-05-15,2737.5,0.0
2015-05-18,2775.0,0.0
2015-05-19,2800.0,0.0
2015-05-20,2818.75,0.0
2015-05-21,2906.25,0.0
2015-05-22,2856.25,0.0
2015-05-25,2787.5,0.0
2015-05-26,2781.25,0.0
2015-05-27,2750.0,0.0
2015-05-28,2700.0,0.0
2015-05-29,2693.75,0.0
2015-06-01,2675.0,0.0
2015-06-03,2637.5,0.0
2015-06-04,2631.25,0.0
2015-06-05,2668.75,0.0
2015-06-08,2575.0,0.0
2015-06-09,2487.5,0.0
2015-06-10,2468.75,0.0
2015-06-11,2418.75,0.0
2015-06-12,2475.0,0.0
2015-06-15,2356.25,0.0
2015-06-16,2387.5,0.0
2015-06-17,2456.25,0.0
2015-06-18,2418.75,0.0
2015-06-19,2500.0,0.0
2015-06-22,2493.75,0.0
2015-06-23,2512.5,0.0
2015-06-24,2475.0,0.0
2015-06-25,2500.0,0.0
2015-06-26,2525.0,0.0
2015-06-29,2506.25,0.0
2015-06-30,2512.5,0.0
2015-07-01,2500.0,0.0
2015-07-02,2518.75,0.0
2015-07-03,2543.75,0.0
2015-07-06,2481.25,0.0
2015-07-07,2537.5,0.0
2015-07-08,2487.5,0.0
2015-07-09,2475.0,0.0
2015-07-10,2500.0,0.0
2015-07-13,2512.5,0.0
2015-07-14,2531.25,0.0
2015-07-15,2500.0,0.0
2015-07-22,2600.0,0.0
2015-07-23,2525.0,0.0
2015-07-24,2500.0,0.0
2015-07-27,2387.5,0.0
2015-07-28,2343.75,0.0
2015-07-29,2375.0,0.0
2015-07-30,2381.25,0.0
2015-07-31,2381.25,0.0
2015-08-03,2425.0,0.0
2015-08-04,2381.25,0.0
2015-08-05,2450.0,0.0
2015-08-06,2450.0,0.0
2015-08-07,2412.5,0.0
2015-08-10,2381.25,0.0
2015-08-11,2287.5,0.0
2015-08-12,2200.0,0.0
2015-08-13,2275.0,0.0
2015-08-14,2250.0,0.0
2015-08-18,2200.0,0.0
2015-08-19,2175.0,0.0
2015-08-20,2175.0,0.0
2015-08-21,2125.0,0.0
2015-08-24,2043.75,0.0
2015-08-25,2125.0,0.0
2015-08-26,2137.5,0.0
2015-08-27,2250.0,0.0
2015-08-28,2268.75,0.0
2015-08-31,2275.0,0.0
2015-09-01,2181.25,0.0
2015-09-02,2200.0,0.0
2015-09-03,2206.25,0.0
2015-09-04,2206.25,0.0
2015-09-07,2187.5,0.0
2015-09-08,2200.0,0.0
2015-09-09,2175.0,0.0
2015-09-10,2150.0,0.0
2015-09-11,2162.5,0.0
2015-09-14,2162.5,0.0
2015-09-15,2175.0,0.0
2015-09-16,2162.5,0.0
2015-09-17,2162.5,0.0
2015-09-18,2162.5,0.0
2015-09-21,2150.0,0.0
2015-09-22,2150.0,0.0
2015-09-23,2012.5,0.0
2015-09-25,1931.25,0.0
2015-09-28,1881.25,0.0
2015-09-29,1943.75,0.0
2015-09-30,1981.25,0.0
2015-10-01,1993.75,0.0
2015-10-02,1918.75,0.0
2015-10-05,2050.0,0.0
2015-10-06,2225.0,0.0
2015-10-07,2231.25,0.0
2015-10-08,2225.0,0.0
2015-10-09,2275.0,0.0
2015-10-12,2293.75,0.0
2015-10-13,2237.5,0.0
2015-10-15,2225.0,0.0
2015-10-16,2231.25,0.0
2015-10-19,2287.5,0.0
2015-10-20,2312.5,0.0
2015-10-21,2306.25,0.0
2015-10-22,2293.75,0.0
2015-10-23,2350.0,0.0
2015-10-26,2393.75,0.0
2015-10-27,2412.5,0.0
2015-10-28,2362.5,0.0
2015-10-29,2250.0,0.0
2015-10-30,2175.0,0.0
2015-11-02,2137.5,0.0
2015-11-03,2212.5,0.0
2015-11-04,2275.0,0.0
2015-11-05,2243.75,0.0
2015-11-06,2243.75,0.0
2015-11-09,2175.0,0.0
2015-11-10,2100.0,0.0
2015-11-11,2043.75,0.0
2015-11-12,2093.75,0.0
2015-11-13,2168.75,0.0
2015-11-16,2125.0,0.0
2015-11-17,2156.25,0.0
2015-11-18,2156.25,0.0
2015-11-19,2193.75,0.0
2015-11-20,2168.75,0.0
2015-11-23,2181.25,0.0
2015-11-24,2175.0,0.0
2015-11-25,2231.25,0.0
2015-11-26,2318.75,0.0
2015-11-27,2243.75,0.0
2015-11-30,2125.0,0.0
2015-12-01,2225.0,0.0
2015-12-02,2225.0,0.0
2015-12-03,2200.0,0.0
2015-12-04,2187.5,0.0
2015-12-07,2275.0,0.0
2015-12-08,2250.0,0.0
2015-12-09,2250.0,0.0
2015-12-10,2218.75,0.0
2015-12-11,2187.5,0.0
2015-12-14,2156.25,0.0
2015-12-15,2187.5,0.0
2015-12-16,2237.5,0.0
2015-12-17,2275.0,0.0
2015-12-18,2181.25,0.0
2015-12-21,2218.75,0.0
2015-12-22,2218.75,0.0
2015-12-23,2218.75,0.0
2015-12-28,2250.0,0.0
2015-12-29,2281.25,0.0
2015-12-30,2312.5,0.0
2016-01-04,2312.5,0.0
2016-01-05,2343.75,0.0
2016-01-06,2337.5,0.0
2016-01-07,2275.0,0.0
2016-01-08,2318.75,0.0
2016-01-11,2275.0,0.0
2016-01-12,2300.0,0.0
2016-01-13,2337.5,0.0
2016-01-14,2337.5,0.0
2016-01-15,2318.75,0.0
2016-01-18,2318.75,0.0
2016-01-19,2343.75,0.0
2016-01-20,2331.25,0.0
2016-01-21,2325.0,0.0
2016-01-22,2343.75,0.0
2016-01-25,2381.25,0.0
2016-01-26,2381.25,0.0
2016-01-27,2387.5,0.0
2016-01-28,2375.0,0.0
2016-01-29,2400.0,0.0
2016-02-01,2406.25,0.0
2016-02-02,2375.0,0.0
2016-02-03,2343.75,0.0
2016-02-04,2400.0,0.0
2016-02-05,2587.5,0.0
2016-02-09,2512.5,0.0
2016-02-10,2456.25,0.0
2016-02-11,2500.0,0.0
2016-02-12,2431.25,0.0
2016-02-15,2450.0,0.0
2016-02-16,2437.5,0.0
2016-02-17,2425.0,0.0
2016-02-18,2431.25,0.0
2016-02-19,2325.0,0.0
2016-02-22,2350.0,0.0
2016-02-23,2312.5,0.0
2016-02-24,2350.0,0.0
2016-02-25,2331.25,0.0
2016-02-26,2368.75,0.0
2016-02-29,2387.5,0.0
2016-03-01,2362.5,0.0
2016-03-02,2406.25,0.0
2016-03-03,2425.0,0.0
2016-03-04,2443.75,0.0
2016-03-07,2493.75,0.0
2016-03-08,2500.0,0.0
2016-03-10,2525.0,0.0
2016-03-11,2525.0,0.0
2016-03-14,2525.0,0.0
2016-03-15,2543.75,0.0
2016-03-16,2543.75,0.0
2016-03-17,2525.0,0.0
2016-03-18,2525.0,0.0
2016-03-21,2537.5,0.0
2016-03-22,2575.0,0.0
2016-03-23,2562.5,0.0
2016-03-24,2556.25,0.0
2016-03-28,2518.75,0.0
2016-03-29,2550.0,0.0
2016-03-30,2587.5,0.0
2016-03-31,2575.0,0.0
2016-04-01,2525.0,0.0
2016-04-04,2543.75,0.0
2016-04-05,2593.75,0.0
2016-04-06,2593.75,0.0
2016-04-07,2575.0,0.0
2016-04-08,2462.5,0.0
2016-04-11,2462.5,0.0
2016-04-12,2387.5,0.0
2016-04-13,2387.5,0.0
2016-04-14,2387.5,0.0
2016-04-15,2387.5,0.0
2016-04-18,2387.5,0.0
2016-04-19,2387.5,0.0
2016-04-20,2437.5,0.0
2016-04-21,2468.75,0.0
2016-04-22,2493.75,0.0
2016-04-25,2418.75,0.0
2016-04-26,2375.0,0.0
2016-04-27,2406.25,0.0
2016-04-28,2456.25,0.0
2016-04-29,2412.5,0.0
2016-05-02,2387.5,0.0
2016-05-03,2462.5,0.0
2016-05-04,2425.0,0.0
2016-05-09,2325.0,0.0
2016-05-10,2362.5,0.0
2016-05-11,2406.25,0.0
2016-05-12,2375.0,0.0
2016-05-13,2325.0,0.0
2016-05-16,2256.25,0.0
2016-05-17,2187.5,0.0
2016-05-18,2200.0,0.0
2016-05-19,2237.5,0.0
2016-05-20,2175.0,0.0
2016-05-23,2212.5,0.0
2016-05-24,2212.5,0.0
2016-05-25,2268.75,0.0
2016-05-26,2250.0,0.0
2016-05-27,2262.5,0.0
2016-05-30,2318.75,0.0
2016-05-31,2256.25,0.0
2016-06-01,2300.0,0.0
2016-06-02,2306.25,0.0
2016-06-03,2281.25,0.0
2016-06-06,2318.75,0.0
2016-06-07,2368.75,0.0
2016-06-08,2375.0,0.0
2016-06-09,2318.75,0.0
2016-06-10,2318.75,0.0
2016-06-13,2262.5,0.0
2016-06-14,2243.75,0.0
2016-06-15,2250.0,0.0
2016-06-16,2237.5,0.0
2016-06-17,2237.5,0.0
2016-06-20,2268.75,0.0
2016-06-21,2250.0,0.0
2016-06-22,2250.0,0.0
2016-06-23,2268.75,0.0
2016-06-24,2262.5,0.0
2016-06-27,2250.0,0.0
2016-06-28,2362.5,0.0
2016-06-29,2400.0,0.0
2016-06-30,2381.25,0.0
2016-07-01,2350.0,0.0
2016-07-11,2425.0,0.0
2016-07-12,2543.75,0.0
2016-07-13,2475.0,0.0
2016-07-14,2400.0,0.0
2016-07-15,2418.75,0.0
2016-07-18,2418.75,0.0
2016-07-19,2525.0,0.0
2016-07-20,2606.25,0.0
2016-07-21,2531.25,0.0
2016-07-22,2481.25,0.0
2016-07-25,2481.25,0.0
2016-07-26,2462.5,0.0
2016-07-27,2525.0,0.0
2016-07-28,2525.0,0.0
2016-07-29,2525.0,0.0
2016-08-01,2637.5,0.0
2016-08-02,2662.5,0.0
2016-08-03,2606.25,0.0
2016-08-04,2637.5,0.0
2016-08-05,2850.0,0.0
2016-08-08,2912.5,0.0
2016-08-09,2950.0,0.0
2016-08-10,2887.5,0.0
2016-08-11,2793.75,0.0
2016-08-12,2768.75,0.0
2016-08-15,2793.75,0.0
2016-08-16,2831.25,0.0
2016-08-18,2856.25,0.0
2016-08-19,2862.5,0.0
2016-08-22,2850.0,0.0
2016-08-23,2825.0,0.0
2016-08-24,2837.5,0.0
2016-08-25,2850.0,0.0
2016-08-26,2850.0,0.0
2016-08-29,2793.75,0.0
2016-08-30,2818.75,0.0
2016-08-31,2806.25,0.0
2016-09-01,2768.75,0.0
2016-09-02,2793.75,0.0
2016-09-05,2793.75,0.0
2016-09-06,2793.75,0.0
2016-09-07,2818.75,0.0
2016-09-08,2800.0,0.0
2016-09-09,2712.5,0.0
2016-09-13,2668.75,0.0
2016-09-14,2650.0,0.0
2016-09-15,2743.75,0.0
2016-09-16,2768.75,0.0
2016-09-19,2806.25,0.0
2016-09-20,2850.0,0.0
2016-09-21,2843.75,0.0
2016-09-22,2912.5,0.0
2016-09-23,2875.0,0.0
2016-09-26,2912.5,0.0
2016-09-27,2937.5,0.0
2016-09-28,2825.0,0.0
2016-09-29,2856.25,0.0
2016-09-30,2800.0,0.0
2016-10-03,2818.75,0.0
2016-10-04,2800.0,0.0
2016-10-05,2750.0,0.0
2016-10-06,2737.5,0.0
2016-10-07,2725.0,0.0
2016-10-10,2725.0,0.0
2016-10-11,2712.5,0.0
2016-10-12,2750.0,0.0
2016-10-13,2762.5,0.0
2016-10-14,2837.5,0.0
2016-10-17,2843.75,0.0
2016-10-18,2850.0,0.0
2016-10-19,2843.75,0.0
2016-10-20,2825.0,0.0
2016-10-21,2806.25,0.0
2016-10-24,2800.0,0.0
2016-10-25,2793.75,0.0
2016-10-26,2768.75,0.0
2016-10-27,2831.25,0.0
2016-10-28,2843.75,0.0
2016-10-31,2868.75,0.0
2016-11-01,2856.25,0.0
2016-11-02,2875.0,0.0
2016-11-03,2787.5,0.0
2016-11-04,2775.0,0.0
2016-11-07,2843.75,0.0
2016-11-08,2893.75,0.0
2016-11-09,2837.5,0.0
2016-11-10,2856.25,0.0
2016-11-11,2712.5,0.0
2016-11-14,2581.25,0.0
2016-11-15,2637.5,0.0
2016-11-16,2706.25,0.0
2016-11-17,2725.0,0.0
2016-11-18,2731.25,0.0
2016-11-21,2675.0,0.0
2016-11-22,2731.25,0.0
2016-11-23,2725.0,0.0
2016-11-24,2525.0,0.0
2016-11-25,2537.5,0.0
2016-11-28,2537.5,0.0
2016-11-29,2581.25,0.0
2016-11-30,2625.0,0.0
2016-12-01,2625.0,0.0
2016-12-02,2675.0,0.0
2016-12-05,2662.5,0.0
2016-12-06,2662.5,0.0
2016-12-07,2675.0,0.0
2016-12-08,2737.5,0.0
2016-12-09,2743.75,0.0
2016-12-13,2706.25,0.0
2016-12-14,2718.75,0.0
2016-12-15,2700.0,0.0
2016-12-16,2687.5,0.0
2016-12-19,2706.25,0.0
2016-12-20,2700.0,0.0
2016-12-21,2687.5,0.0
2016-12-22,2687.5,0.0
2016-12-23,2693.75,0.0
2016-12-27,2700.0,0.0
2016-12-28,2787.5,0.0
2016-12-29,2893.75,0.0
2016-12-30,2893.75,0.0
2017-01-02,2893.75,0.0
2017-01-03,2825.0,0.0
2017-01-04,2837.5,0.0
2017-01-05,2812.5,0.0
2017-01-06,2843.75,0.0
2017-01-09,2818.75,0.0
2017-01-10,2850.0,0.0
2017-01-11,2843.75,0.0
2017-01-12,2825.0,0.0
2017-01-13,2775.0,0.0
2017-01-16,2731.25,0.0
2017-01-17,2731.25,0.0
2017-01-18,2762.5,0.0
2017-01-19,2762.5,0.0
2017-01-20,2750.0,0.0
2017-01-23,2743.75,0.0
2017-01-24,2750.0,0.0
2017-01-25,2750.0,0.0
2017-01-26,2725.0,0.0
2017-01-27,2743.75,0.0
2017-01-30,2756.25,0.0
2017-01-31,2725.0,0.0
2017-02-01,2743.75,0.0
2017-02-02,2750.0,0.0
2017-02-03,2768.75,0.0
2017-02-06,2843.75,0.0
2017-02-07,2850.0,0.0
2017-02-08,2806.25,0.0
2017-02-09,2868.75,0.0
2017-02-10,2850.0,0.0
2017-02-13,2862.5,0.0
2017-02-14,2856.25,0.0
2017-02-15,2856.25,0.0
2017-02-16,2800.0,0.0
2017-02-17,2768.75,0.0
2017-02-20,2818.75,0.0
2017-02-21,2787.5,0.0
2017-02-22,2825.0,0.0
2017-02-23,2787.5,0.0
2017-02-24,2775.0,0.0
2017-02-27,2793.75,0.0
2017-02-28,2825.0,0.0
2017-03-01,2837.5,0.0
2017-03-02,2831.25,0.0
2017-03-03,2837.5,0.0
2017-03-06,2825.0,0.0
2017-03-07,2831.25,0.0
2017-03-08,2831.25,0.0
2017-03-09,2843.75,0.0
2017-03-10,2850.0,0.0
2017-03-13,2850.0,0.0
2017-03-14,2856.25,0.0
2017-03-15,2862.5,0.0
2017-03-16,2893.75,0.0
2017-03-17,2906.25,0.0
2017-03-20,2943.75,0.0
2017-03-21,2950.0,0.0
2017-03-22,2943.75,0.0
2017-03-23,2975.0,0.0
2017-03-24,2975.0,0.0
2017-03-27,2925.0,0.0
2017-03-29,2943.75,0.0
2017-03-30,2943.75,0.0
2017-03-31,2925.0,0.0
2017-04-03,2937.5,0.0
2017-04-04,2937.5,0.0
2017-04-05,2937.5,0.0
2017-04-06,3106.25,0.0
2017-04-07,3050.0,0.0
2017-04-10,3012.5,0.0
2017-04-11,2937.5,0.0
2017-04-12,2925.0,0.0
2017-04-13,2912.5,0.0
2017-04-17,2906.25,0.0
2017-04-18,2937.5,0.0
2017-04-19,2937.5,0.0
2017-04-20,2881.25,0.0
2017-04-21,2850.0,0.0
2017-04-25,2887.5,0.0
2017-04-26,2956.25,0.0
2017-04-27,2931.25,0.0
2017-04-28,2925.0,0.0
2017-05-02,2918.75,0.0
2017-05-03,2893.75,0.0
2017-05-04,2925.0,0.0
2017-05-05,2993.75,0.0
2017-05-08,3012.5,0.0
2017-05-09,3000.0,0.0
2017-05-10,3006.25,0.0
2017-05-12,3000.0,0.0
2017-05-15,3031.25,0.0
2017-05-16,2993.75,0.0
2017-05-17,3000.0,0.0
2017-05-18,3037.5,0.0
2017-05-19,3225.0,0.0
2017-05-22,3131.25,0.0
2017-05-23,3062.5,0.0
2017-05-24,3100.0,0.0
2017-05-26,3037.5,0.0
2017-05-29,3087.5,0.0
2017-05-30,3106.25,0.0
2017-05-31,3150.0,0.0
2017-06-01,3150.0,0.0
2017-06-02,3150.0,0.0
2017-06-05,3168.75,0.0
2017-06-06,3125.0,0.0
2017-06-07,3100.0,0.0
2017-06-08,3081.25,0.0
2017-06-09,3056.25,0.0
2017-06-12,3056.25,0.0
2017-06-13,3062.5,0.0
2017-06-14,3125.0,0.0
2017-06-15,3125.0,0.0
2017-06-16,3118.75,0.0
2017-06-19,3118.75,0.0
2017-06-20,3131.25,0.0
2017-06-21,3175.0,0.0
2017-06-22,3187.5,0.0
2017-06-23,3187.5,0.0
2017-06-26,3187.5,0.0
2017-06-27,3187.5,0.0
2017-06-28,3187.5,0.0
2017-06-29,3187.5,0.0
2017-06-30,3187.5,0.0
2017-07-03,3375.0,0.0
2017-07-04,3375.0,0.0
2017-07-05,3331.25,0.0
2017-07-06,3331.25,0.0
2017-07-07,3312.5,0.0
2017-07-10,3275.0,0.0
2017-07-11,3243.75,0.0
2017-07-12,3306.25,0.0
2017-07-13,3350.0,0.0
2017-07-14,3387.5,0.0
2017-07-17,3393.75,0.0
2017-07-18,3381.25,0.0
2017-07-19,3331.25,0.0
2017-07-20,3375.0,0.0
2017-07-21,3262.5,0.0
2017-07-24,3318.75,0.0
2017-07-25,3337.5,0.0
2017-07-26,3337.5,0.0
2017-07-27,3343.75,0.0
2017-07-28,3343.75,0.0
2017-07-31,3412.5,0.0
2017-08-01,3350.0,0.0
2017-08-02,3318.75,0.0
2017-08-03,3281.25,0.0
2017-08-04,3268.75,0.0
2017-08-07,3293.75,0.0
2017-08-08,3356.25,0.0
2017-08-09,3350.0,0.0
2017-08-10,3331.25,0.0
2017-08-11,3300.0,0.0
2017-08-14,3312.5,0.0
2017-08-15,3325.0,0.0
2017-08-16,3331.25,0.0
2017-08-17,3331.25,0.0
2017-08-18,3275.0,0.0
2017-08-21,3300.0,0.0
2017-08-22,3312.5,0.0
2017-08-23,3318.75,0.0
2017-08-24,3300.0,0.0
2017-08-25,3293.75,0.0
2017-08-28,3306.25,0.0
2017-08-29,3275.0,0.0
2017-08-30,3275.0,0.0
2017-08-31,3275.0,0.0
2017-09-01,3275.0,0.0
2017-09-04,3262.5,0.0
2017-09-05,3268.75,0.0
2017-09-06,3237.5,0.0
2017-09-07,3256.25,0.0
2017-09-08,3318.75,0.0
2017-09-11,3300.0,0.0
2017-09-12,3300.0,0.0
2017-09-13,3287.5,0.0
2017-09-14,3275.0,0.0
2017-09-15,3312.5,0.0
2017-09-18,3287.5,0.0
2017-09-19,3300.0,0.0
2017-09-20,3300.0,0.0
2017-09-21,3300.0,0.0
2017-09-22,3300.0,0.0
2017-09-25,3287.5,0.0
2017-09-26,3275.0,0.0
2017-09-27,3300.0,0.0
2017-09-28,3287.5,0.0
2017-09-29,3362.5,0.0
2017-10-02,3350.0,0.0
2017-10-03,3350.0,0.0
2017-10-04,3325.0,0.0
2017-10-05,3300.0,0.0
2017-10-06,3300.0,0.0
2017-10-09,3300.0,0.0
2017-10-10,3350.0,0.0
2017-10-11,3362.5,0.0
2017-10-12,3412.5,0.0
2017-10-13,3387.5,0.0
2017-10-16,3462.5,0.0
2017-10-17,3512.5,0.0
2017-10-18,3537.5,0.0
2017-10-19,3487.5,0.0
2017-10-20,3550.0,0.0
2017-10-23,3475.0,0.0
2017-10-24,3412.5,0.0
2017-10-25,3500.0,0.0
2017-10-26,3512.5,0.0
2017-10-27,3475.0,0.0
2017-10-30,3537.5,0.0
2017-10-31,3525.0,0.0
2017-11-01,3550.0,0.0
2017-11-02,3637.5,0.0
2017-11-03,3625.0,0.0
2017-11-06,3612.5,0.0
2017-11-07,3562.5,0.0
2017-11-08,3587.5,0.0
2017-11-09,3537.5,0.0
2017-11-10,3525.0,0.0
2017-11-13,3525.0,0.0
2017-11-14,3475.0,0.0
2017-11-15,3487.5,0.0
2017-11-16,3550.0,0.0
2017-11-17,3662.5,0.0
2017-11-20,3712.5,0.0
2017-11-21,3700.0,0.0
2017-11-22,3687.5,0.0
2017-11-23,3725.0,0.0
2017-11-24,3725.0,0.0
2017-11-27,3712.5,0.0
2017-11-28,3712.5,0.0
2017-11-29,3700.0,0.0
2017-11-30,3700.0,0.0
2017-12-01,3700.0,0.0
2017-12-04,3725.0,0.0
2017-12-05,3737.5,0.0
2017-12-06,3737.5,0.0
2017-12-07,3675.0,0.0
2017-12-08,3737.5,0.0
2017-12-11,3737.5,0.0
2017-12-12,3725.0,0.0
2017-12-13,3737.5,0.0
2017-12-14,3737.5,0.0
2017-12-15,3712.5,0.0
2017-12-18,3750.0,0.0
2017-12-19,3737.5,0.0
2017-12-20,3725.0,0.0
2017-12-21,3812.5,0.0
2017-12-22,3837.5,0.0
2017-12-25,3837.5,0.0
2017-12-26,3837.5,0.0
2017-12-27,4000.0,0.0
2017-12-28,3975.0,0.0
2017-12-29,4000.0,0.0
2018-01-01,4000.0,0.0
2018-01-02,3925.0,0.0
2018-01-03,3850.0,0.0
2018-01-04,3912.5,0.0
2018-01-05,3912.5,0.0
2018-01-08,3962.5,0.0
2018-01-09,3950.0,0.0
2018-01-10,3950.0,0.0
2018-01-11,4037.5,0.0
2018-01-12,4050.0,0.0
2018-01-15,4100.0,0.0
2018-01-16,4112.5,0.0
2018-01-17,4050.0,0.0
2018-01-18,4062.5,0.0
2018-01-19,4037.5,0.0
2018-01-22,4037.5,0.0
2018-01-23,4087.5,0.0
2018-01-24,4125.0,0.0
2018-01-25,4075.0,0.0
2018-01-26,4100.0,0.0
2018-01-29,4087.5,0.0
2018-01-30,4025.0,0.0
2018-01-31,4075.0,0.0
2018-02-01,4100.0,0.0
2018-02-02,4062.5,0.0
2018-02-05,4062.5,0.0
2018-02-06,4012.5,0.0
2018-02-07,4062.5,0.0
2018-02-08,4087.5,0.0
2018-02-09,4112.5,0.0
2018-02-12,4100.0,0.0
2018-02-13,4137.5,0.0
2018-02-14,4150.0,0.0
2018-02-15,4150.0,0.0
2018-02-16,4150.0,0.0
2018-02-19,4237.5,0.0
2018-02-20,4525.0,0.0
2018-02-21,4400.0,0.0
2018-02-22,4312.5,0.0
2018-02-23,4275.0,0.0
2018-02-26,4150.0,0.0
2018-02-27,4212.5,0.0
2018-02-28,4150.0,0.0
2018-03-01,4187.5,0.0
2018-03-02,4237.5,0.0
2018-03-05,4112.5,0.0
2018-03-06,4025.0,0.0
2018-03-07,3962.5,0.0
2018-03-08,4050.0,0.0
2018-03-09,4050.0,0.0
2018-03-12,4162.5,0.0
2018-03-13,4087.5,0.0
2018-03-14,4100.0,0.0
2018-03-15,4000.0,0.0
2018-03-16,3962.5,0.0
2018-03-19,4037.5,0.0
2018-03-20,4050.0,0.0
2018-03-21,4100.0,0.0
2018-03-22,4000.0,0.0
2018-03-23,4025.0,0.0
2018-03-26,4037.5,0.0
2018-03-27,4000.0,0.0
2018-03-28,3900.0,0.0
2018-03-29,3837.5,0.0
2018-03-30,3837.5,0.0
2018-04-02,3912.5,0.0
2018-04-03,3900.0,0.0
2018-04-04,3800.0,0.0
2018-04-05,3825.0,0.0
2018-04-06,3775.0,0.0
2018-04-09,3787.5,0.0
2018-04-10,3937.5,0.0
2018-04-11,4025.0,0.0
2018-04-12,4012.5,0.0
2018-04-13,4012.5,0.0
2018-04-16,4012.5,0.0
2018-04-17,4012.5,0.0
2018-04-18,4025.0,0.0
2018-04-19,4025.0,0.0
2018-04-20,4025.0,0.0
2018-04-23,4000.0,0.0
2018-04-24,3862.5,0.0
2018-04-25,3862.5,0.0
2018-04-26,3862.5,0.0
2018-04-27,3862.5,0.0
2018-04-30,3562.5,0.0
2018-05-01,3562.5,0.0
2018-05-02,3600.0,0.0
2018-05-03,3425.0,0.0
2018-05-04,3312.5,0.0
2018-05-07,3400.0,0.0
2018-05-08,3400.0,0.0
2018-05-09,3587.5,0.0
2018-05-10,3587.5,0.0
2018-05-11,3600.0,0.0
2018-05-14,3600.0,0.0
2018-05-15,3425.0,0.0
2018-05-16,3425.0,0.0
2018-05-17,3350.0,0.0
2018-05-18,3400.0,0.0
2018-05-21,3337.5,0.0
2018-05-22,3262.5,0.0
2018-05-23,3387.5,0.0
2018-05-24,3500.0,0.0
2018-05-25,3500.0,0.0
2018-05-28,3687.5,0.0
2018-05-29,3687.5,0.0
2018-05-30,3625.0,0.0
2018-05-31,3525.0,0.0
2018-06-01,3525.0,0.0
2018-06-04,3687.5,0.0
2018-06-05,3675.0,0.0
2018-06-06,3662.5,0.0
2018-06-07,3687.5,0.0
2018-06-08,3475.0,0.0
2018-06-11,3475.0,0.0
2018-06-12,3475.0,0.0
2018-06-13,3475.0,0.0
2018-06-14,3475.0,0.0
2018-06-15,3475.0,0.0
2018-06-18,3475.0,0.0
2018-06-19,3475.0,0.0
2018-06-20,3350.0,0.0
2018-06-21,3350.0,0.0
2018-06-22,3350.0,0.0
2018-06-25,3350.0,0.0
2018-06-26,3312.5,0.0
2018-06-27,3300.0,0.0
2018-06-28,3250.0,0.0
2018-06-29,3425.0,0.0
2018-07-02,3262.5,0.0
2018-07-03,3162.5,0.0
2018-07-04,3300.0,0.0
2018-07-05,3262.5,0.0
2018-07-06,3150.0,0.0
2018-07-09,3212.5,0.0
2018-07-10,3225.0,0.0
2018-07-11,3175.0,0.0
2018-07-12,3225.0,0.0
2018-07-13,3300.0,0.0
2018-07-16,3275.0,0.0
2018-07-17,3162.5,0.0
2018-07-18,3200.0,0.0
2018-07-19,3187.5,0.0
2018-07-20,3175.0,0.0
2018-07-23,3200.0,0.0
2018-07-24,3262.5,0.0
2018-07-25,3237.5,0.0
2018-07-26,3275.0,0.0
2018-07-27,3287.5,0.0
2018-07-30,3362.5,0.0
2018-07-31,3325.0,0.0
2018-08-01,3500.0,0.0
2018-08-02,3525.0,0.0
2018-08-03,3600.0,0.0
2018-08-06,3650.0,0.0
2018-08-07,3600.0,0.0
2018-08-08,3662.5,0.0
2018-08-09,3637.5,0.0
2018-08-10,3675.0,0.0
2018-08-13,3462.5,0.0
2018-08-14,3362.5,0.0
2018-08-15,3400.0,0.0
2018-08-16,3350.0,0.0
2018-08-17,3350.0,0.0
2018-08-20,3362.5,0.0
2018-08-21,3350.0,0.0
2018-08-22,3350.0,0.0
2018-08-23,3425.0,0.0
2018-08-24,3387.5,0.0
2018-08-27,3487.5,0.0
2018-08-28,3500.0,0.0
2018-08-29,3500.0,0.0
2018-08-30,3425.0,0.0
2018-08-31,3450.0,0.0
2018-09-03,3350.0,0.0
2018-09-04,3287.5,0.0
2018-09-05,3162.5,0.0
2018-09-06,3275.0,0.0
2018-09-07,3312.5,0.0
2018-09-10,3287.5,0.0
2018-09-11,3287.5,0.0
2018-09-12,3187.5,0.0
2018-09-13,3287.5,0.0
2018-09-14,3375.0,0.0
2018-09-17,3225.0,0.0
2018-09-18,3187.5,0.0
2018-09-19,3200.0,0.0
2018-09-20,3337.5,0.0
2018-09-21,3425.0,0.0
2018-09-24,3375.0,0.0
2018-09-25,3312.5,0.0
2018-09-26,3300.0,0.0
2018-09-27,3312.5,0.0
2018-09-28,3362.5,0.0
2018-10-01,3350.0,0.0
2018-10-02,3225.0,0.0
2018-10-03,3250.0,0.0
2018-10-04,3112.5,0.0
2018-10-05,3137.5,0.0
2018-10-08,3100.0,0.0
2018-10-09,3175.0,0.0
2018-10-10,3237.5,0.0
2018-10-11,3137.5,0.0
2018-10-12,3200.0,0.0
2018-10-15,3187.5,0.0
2018-10-16,3250.0,0.0
2018-10-17,3287.5,0.0
2018-10-18,3250.0,0.0
2018-10-19,3225.0,0.0
2018-10-22,3225.0,0.0
2018-10-23,3212.5,0.0
2018-10-24,3162.5,0.0
2018-10-25,3237.5,0.0
2018-10-26,3225.0,0.0
2018-10-29,3200.0,0.0
2018-10-30,3262.5,0.0
2018-10-31,3425.0,0.0
2018-11-01,3612.5,0.0
2018-11-02,3712.5,0.0
2018-11-05,3687.5,0.0
2018-11-06,3675.0,0.0
2018-11-07,3675.0,0.0
2018-11-08,3750.0,0.0
2018-11-09,3612.5,0.0
2018-11-12,3487.5,0.0
2018-11-13,3575.0,0.0
2018-11-14,3562.5,0.0
2018-11-15,3700.0,0.0
2018-11-16,3725.0,0.0
2018-11-19,3737.5,0.0
2018-11-20,3737.5,0.0
2018-11-21,3637.5,0.0
2018-11-22,3662.5,0.0
2018-11-23,3650.0,0.0
2018-11-26,3687.5,0.0
2018-11-27,3725.0,0.0
2018-11-28,3700.0,0.0
2018-11-29,3825.0,0.0
2018-11-30,3700.0,0.0
2018-12-03,3800.0,0.0
2018-12-04,3825.0,0.0
2018-12-05,3787.5,0.0
2018-12-06,3737.5,0.0
2018-12-07,3750.0,0.0
2018-12-10,3712.5,0.0
2018-12-11,3725.0,0.0
2018-12-12,3737.5,0.0
2018-12-13,3850.0,0.0
2018-12-14,3787.5,0.0
2018-12-17,3700.0,0.0
2018-12-18,3675.0,0.0
2018-12-19,3712.5,0.0
2018-12-20,3650.0,0.0
2018-12-21,3612.5,0.0
2018-12-24,3612.5,0.0
2018-12-25,3612.5,0.0
2018-12-26,3612.5,0.0
2018-12-27,3637.5,0.0
2018-12-28,3687.5,0.0
2018-12-31,3687.5,0.0
2019-01-01,3687.5,0.0
2019-01-02,3662.5,0.0
2019-01-03,3587.5,0.0
2019-01-04,3725.0,0.0
2019-01-07,3712.5,0.0
2019-01-08,3675.0,0.0
2019-01-09,3787.5,0.0
2019-01-10,3850.0,0.0
2019-01-11,3850.0,0.0
2019-01-14,3850.0,0.0
2019-01-15,3900.0,0.0
2019-01-16,3900.0,0.0
2019-01-17,3937.5,0.0
2019-01-18,3937.5,0.0
2019-01-21,3900.0,0.0
2019-01-22,3875.0,0.0
2019-01-23,3737.5,0.0
2019-01-24,3737.5,0.0
2019-01-25,3687.5,0.0
2019-01-28,3587.5,0.0
2019-01-29,3562.5,0.0
2019-01-30,3625.0,0.0
2019-01-31,3725.0,0.0
2019-02-01,3800.0,0.0
2019-02-04,3675.0,0.0
2019-02-05,3675.0,0.0
2019-02-06,3737.5,0.0
2019-02-07,3775.0,0.0
2019-02-08,3787.5,0.0
2019-02-11,3812.5,0.0
2019-02-12,3712.5,0.0
2019-02-13,3625.0,0.0
2019-02-14,3587.5,0.0
2019-02-15,3587.5,0.0
2019-02-18,3637.5,0.0
2019-02-19,3600.0,0.0
2019-02-20,3550.0,0.0
2019-02-21,3662.5,0.0
2019-02-22,3550.0,0.0
2019-02-25,3625.0,0.0
2019-02-26,3637.5,0.0
2019-02-27,3600.0,0.0
2019-02-28,3562.5,0.0
2019-03-01,3587.5,0.0
2019-03-04,3550.0,0.0
2019-03-05,3475.0,0.0
2019-03-06,3537.5,0.0
2019-03-07,3537.5,0.0
2019-03-08,3450.0,0.0
2019-03-11,3425.0,0.0
2019-03-12,3362.5,0.0
2019-03-13,3350.0,0.0
2019-03-14,3450.0,0.0
2019-03-15,3550.0,0.0
2019-03-18,3550.0,0.0
2019-03-19,3687.5,0.0
2019-03-20,3700.0,0.0
2019-03-21,3737.5,0.0
2019-03-22,3725.0,0.0
2019-03-25,3587.5,0.0
2019-03-26,3650.0,0.0
2019-03-27,3612.5,0.0
2019-03-28,3687.5,0.0
2019-03-29,3737.5,0.0
2019-04-01,3750.0,0.0
2019-04-02,3712.5,0.0
2019-04-03,3712.5,0.0
2019-04-04,3837.5,0.0
2019-04-05,3775.0,0.0
2019-04-08,3750.0,0.0
2019-04-09,3837.5,0.0
2019-04-10,3775.0,0.0
2019-04-11,3700.0,0.0
2019-04-12,3662.5,0.0
2019-04-15,3675.0,0.0
2019-04-16,3812.5,0.0
2019-04-17,3812.5,0.0
2019-04-18,3900.0,0.0
2019-04-19,3900.0,0.0
2019-04-22,3875.0,0.0
2019-04-23,3837.5,0.0
2019-04-24,3837.5,0.0
2019-04-25,3825.0,0.0
2019-04-26,3862.5,0.0
2019-04-29,3887.5,0.0
2019-04-30,3862.5,0.0
2019-05-01,3862.5,0.0
2019-05-02,3850.0,0.0
2019-05-03,3825.0,0.0
2019-05-06,3762.5,0.0
2019-05-07,3825.0,0.0
2019-05-08,3762.5,0.0
2019-05-09,3750.0,0.0
2019-05-10,3737.5,0.0
2019-05-13,3762.5,0.0
2019-05-14,3725.0,0.0
2019-05-15,3712.5,0.0
2019-05-16,3675.0,0.0
2019-05-17,3537.5,0.0
2019-05-20,3612.5,0.0
2019-05-21,3625.0,0.0
2019-05-22,3650.0,0.0
2019-05-23,3787.5,0.0
2019-05-24,3850.0,0.0
2019-05-27,3862.5,0.0
2019-05-28,3687.5,0.0
2019-05-29,3775.0,0.0
2019-05-30,3775.0,0.0
2019-05-31,3837.5,0.0
2019-06-03,3837.5,0.0
2019-06-04,3837.5,0.0
2019-06-05,3837.5,0.0
2019-06-06,3837.5,0.0
2019-06-07,3837.5,0.0
2019-06-10,3925.0,0.0
2019-06-11,3937.5,0.0
2019-06-12,3937.5,0.0
2019-06-13,3912.5,0.0
2019-06-14,3912.5,0.0
2019-06-17,3900.0,0.0
2019-06-18,3925.0,0.0
2019-06-19,3987.5,0.0
2019-06-20,3975.0,0.0
2019-06-21,3987.5,0.0
2019-06-24,3987.5,0.0
2019-06-25,3975.0,0.0
2019-06-26,3975.0,0.0
2019-06-27,4000.0,0.0
2019-06-28,4012.5,0.0
2019-07-01,4000.0,0.0
2019-07-02,4012.5,0.0
2019-07-03,4012.5,0.0
2019-07-04,4012.5,0.0
2019-07-05,3912.5,0.0
2019-07-08,3937.5,0.0
2019-07-09,3950.0,0.0
2019-07-10,3975.0,0.0
2019-07-11,4000.0,0.0
2019-07-12,4037.5,0.0
2019-07-15,4075.0,0.0
2019-07-16,4037.5,0.0
2019-07-17,3987.5,0.0
2019-07-18,3925.0,0.0
2019-07-19,3937.5,0.0
2019-07-22,3887.5,0.0
2019-07-23,3850.0,0.0
2019-07-24,3850.0,0.0
2019-07-25,3900.0,0.0
2019-07-26,3875.0,0.0
2019-07-29,3900.0,0.0
2019-07-30,3975.0,0.0
2019-07-31,3987.5,0.0
2019-08-01,3887.5,0.0
2019-08-02,3837.5,0.0
2019-08-05,3712.5,0.0
2019-08-06,3625.0,0.0
2019-08-07,3675.0,0.0
2019-08-08,3750.0,0.0
2019-08-09,3725.0,0.0
2019-08-12,3700.0,0.0
2019-08-13,3675.0,0.0
2019-08-14,3750.0,0.0
2019-08-15,3700.0,0.0
2019-08-16,3687.5,0.0
2019-08-19,3675.0,0.0
2019-08-20,3687.5,0.0
2019-08-21,3612.5,0.0
2019-08-22,3612.5,0.0
2019-08-23,3587.5,0.0
2019-08-26,3525.0,0.0
2019-08-27,3512.5,0.0
2019-08-28,3525.0,0.0
2019-08-29,3537.5,0.0
2019-08-30,3625.0,0.0
2019-09-02,3587.5,0.0
2019-09-03,3450.0,0.0
2019-09-04,3462.5,0.0
2019-09-05,3487.5,0.0
2019-09-06,3525.0,0.0
2019-09-09,3487.5,0.0
2019-09-10,3525.0,0.0
2019-09-11,3575.0,0.0
2019-09-12,3575.0,0.0
2019-09-13,3600.0,0.0
2019-09-16,3500.0,0.0
2019-09-17,3487.5,0.0
2019-09-18,3600.0,0.0
2019-09-19,3550.0,0.0
2019-09-20,3537.5,0.0
2019-09-23,3500.0,0.0
2019-09-24,3475.0,0.0
2019-09-25,3450.0,0.0
2019-09-26,3550.0,0.0
2019-09-27,3487.5,0.0
2019-09-30,3487.5,0.0
2019-10-01,3450.0,0.0
2019-10-02,3262.5,0.0
2019-10-03,3200.0,0.0
2019-10-04,3200.0,0.0
2019-10-07,3175.0,0.0
2019-10-08,3250.0,0.0
2019-10-09,3212.5,0.0
2019-10-10,3262.5,0.0
2019-10-11,3275.0,0.0
2019-10-14,3300.0,0.0
2019-10-15,3287.5,0.0
2019-10-16,3312.5,0.0
2019-10-17,3350.0,0.0
2019-10-18,3387.5,0.0
2019-10-21,3400.0,0.0
2019-10-22,3412.5,0.0
2019-10-23,3537.5,0.0
2019-10-24,3612.5,0.0
2019-10-25,3500.0,0.0
2019-10-28,3500.0,0.0
2019-10-29,3550.0,0.0
2019-10-30,3512.5,0.0
2019-10-31,3512.5,0.0
2019-11-01,3487.5,0.0
2019-11-04,3437.5,0.0
2019-11-05,3600.0,0.0
2019-11-06,3487.5,0.0
2019-11-07,3500.0,0.0
2019-11-08,3550.0,0.0
2019-11-11,3525.0,0.0
2019-11-12,3512.5,0.0
2019-11-13,3437.5,0.0
2019-11-14,3437.5,0.0
2019-11-15,3475.0,0.0
2019-11-18,3487.5,0.0
2019-11-19,3575.0,0.0
2019-11-20,3550.0,0.0
2019-11-21,3587.5,0.0
2019-11-22,3537.5,0.0
2019-11-25,3487.5,0.0
2019-11-26,3462.5,0.0
2019-11-27,3450.0,0.0
2019-11-28,3387.5,0.0
2019-11-29,3487.5,0.0
2019-12-02,3550.0,0.0
2019-12-03,3587.5,0.0
2019-12-04,3537.5,0.0
2019-12-05,3587.5,0.0
2019-12-06,3587.5,0.0
2019-12-09,3625.0,0.0
2019-12-10,3687.5,0.0
2019-12-11,3675.0,0.0
2019-12-12,3650.0,0.0
2019-12-13,3687.5,0.0
2019-12-16,3675.0,0.0
2019-12-17,3675.0,0.0
2019-12-18,3762.5,0.0
2019-12-19,3800.0,0.0
2019-12-20,3850.0,0.0
2019-12-23,3862.5,0.0
2019-12-26,3900.0,0.0
2019-12-27,3875.0,0.0
2019-12-30,3837.5,0.0
2020-01-02,3875.0,0.0
2020-01-03,3862.5,0.0
2020-01-06,3800.0,0.0
2020-01-07,3800.0,0.0
2020-01-08,3750.0,0.0
2020-01-09,3850.0,0.0
2020-01-10,3862.5,0.0
2020-01-13,3862.5,0.0
2020-01-14,3875.0,0.0
2020-01-15,3825.0,0.0
2020-01-16,3775.0,0.0
2020-01-17,3862.5,0.0
2020-01-20,3812.5,0.0
2020-01-21,3850.0,0.0
2020-01-22,3900.0,0.0
2020-01-23,3887.5,0.0
2020-01-24,3962.5,0.0
2020-01-27,3862.5,0.0
2020-01-28,3875.0,0.0
2020-01-29,3900.0,0.0
2020-01-30,3825.0,0.0
2020-01-31,3775.0,0.0
2020-02-03,3750.0,0.0
2020-02-04,3762.5,0.0
2020-02-05,3850.0,0.0
2020-02-06,3850.0,0.0
2020-02-07,3862.5,0.0
2020-02-10,3862.5,0.0
2020-02-11,3887.5,0.0
2020-02-12,3900.0,0.0
2020-02-13,3925.0,0.0
2020-02-14,3912.5,0.0
2020-02-17,3925.0,0.0
2020-02-18,3912.5,0.0
2020-02-19,3975.0,0.0
2020-02-20,4000.0,0.0
2020-02-21,3950.0,0.0
2020-02-24,3887.5,0.0
2020-02-25,3900.0,0.0
2020-02-26,3825.0,0.0
2020-02-27,3675.0,0.0
2020-02-28,3637.5,0.0
2020-03-02,3475.0,0.0
2020-03-03,3600.0,0.0
2020-03-04,3737.5,0.0
2020-03-05,3800.0,0.0
2020-03-06,3625.0,0.0
2020-03-09,3287.5,0.0
2020-03-10,3437.5,0.0
2020-03-11,3412.5,0.0
2020-03-12,3212.5,0.0
2020-03-13,3175.0,0.0
2020-03-16,3175.0,0.0
2020-03-17,2762.5,0.0
2020-03-18,2575.0,0.0
2020-03-19,2395.0,0.0
2020-03-20,2230.0,0.0
2020-03-23,2075.0,0.0
2020-03-24,1930.0,0.0
2020-03-26,2235.0,0.0
2020-03-27,2470.0,0.0
2020-03-30,2300.0,0.0
2020-03-31,2340.0,0.0
2020-04-01,2305.0,0.0
2020-04-02,2375.0,0.0
2020-04-03,2512.5,0.0
2020-04-06,2600.0,0.0
2020-04-07,2562.5,0.0
2020-04-08,2385.0,0.0
2020-04-09,2335.0,0.0
2020-04-13,2235.0,0.0
2020-04-14,2285.0,0.0
2020-04-15,2200.0,0.0
2020-04-16,2105.0,0.0
2020-04-17,2190.0,0.0
2020-04-20,2185.0,0.0
2020-04-21,2175.0,0.0
2020-04-22,2245.0,0.0
2020-04-23,2250.0,0.0
2020-04-24,2140.0,0.0
2020-04-27,2075.0,0.0
2020-04-28,2075.0,0.0
2020-04-29,2000.0,0.0
2020-04-30,2230.0,0.0
2020-05-04,2145.0,0.0
2020-05-05,2110.0,0.0
2020-05-06,2080.0,0.0
2020-05-08,2100.0,0.0
2020-05-11,2115.0,0.0
2020-05-12,2005.0,0.0
2020-05-13,2005.0,0.0
2020-05-14,1975.0,0.0
2020-05-15,1880.0,0.0
2020-05-18,1860.0,0.0
2020-05-19,1930.0,0.0
2020-05-20,2035.0,0.0
2020-05-26,2050.0,0.0
2020-05-27,2055.0,0.0
2020-05-28,2145.0,0.0
2020-05-29,2235.0,0.0
2020-06-02,2310.0,0.0
2020-06-03,2430.0,0.0
2020-06-04,2365.0,0.0
2020-06-05,2425.0,0.0
2020-06-08,2625.0,0.0
2020-06-09,2637.5,0.0
2020-06-10,2455.0,0.0
2020-06-11,2345.0,0.0
2020-06-12,2445.0,0.0
2020-06-15,2360.0,0.0
2020-06-16,2512.5,0.0
2020-06-17,2450.0,0.0
2020-06-18,2410.0,0.0
2020-06-19,2440.0,0.0
2020-06-22,2405.0,0.0
2020-06-23,2395.0,0.0
2020-06-24,2575.0,0.0
2020-06-25,2512.5,0.0
2020-06-26,2500.0,0.0
2020-06-29,2470.0,0.0
2020-06-30,2475.0,0.0
2020-07-01,2495.0,0.0
2020-07-02,2500.0,0.0
2020-07-03,2500.0,0.0
2020-07-06,2537.5,0.0
2020-07-07,2525.0,0.0
2020-07-08,2637.5,0.0
2020-07-09,2625.0,0.0
2020-07-10,2587.5,0.0
2020-07-13,2625.0,0.0
2020-07-14,2650.0,0.0
2020-07-15,2637.5,0.0
2020-07-16,2637.5,0.0
2020-07-17,2587.5,0.0
2020-07-20,2550.0,0.0
2020-07-21,2650.0,0.0
2020-07-22,2712.5,0.0
2020-07-23,2850.0,0.0
2020-07-24,2800.0,0.0
2020-07-27,2937.5,0.0
2020-07-28,2925.0,0.0
2020-07-29,2850.0,0.0
2020-07-30,2900.0,0.0
2020-08-03,2750.0,0.0
2020-08-04,2787.5,0.0
2020-08-05,2850.0,0.0
2020-08-06,2887.5,0.0
2020-08-07,2900.0,0.0
2020-08-10,2900.0,0.0
2020-08-11,2987.5,0.0
2020-08-12,3075.0,0.0
2020-08-13,3025.0,0.0
2020-08-14,3012.5,0.0
2020-08-18,3075.0,0.0
2020-08-19,3050.0,0.0
2020-08-24,3000.0,0.0
2020-08-25,3125.0,0.0
2020-08-26,3175.0,0.0
2020-08-27,3150.0,0.0
2020-08-28,3112.5,0.0
2020-08-31,2975.0,0.0
2020-09-01,3062.5,0.0
2020-09-02,3037.5,0.0
2020-09-03,2987.5,0.0
2020-09-04,2962.5,0.0
2020-09-07,2925.0,0.0
2020-09-08,2987.5,0.0
2020-09-09,2887.5,0.0
2020-09-10,2687.5,0.0
2020-09-11,2737.5,2824.51708984375
2020-09-14,2875.0,2753.088623046875
2020-09-15,2837.5,2767.470458984375
2020-09-16,2825.0,2794.989990234375
2020-09-17,2787.5,2811.5966796875
2020-09-18,2787.5,2803.166748046875
2020-09-21,2737.5,2787.5654296875
2020-09-22,2650.0,2756.498046875
2020-09-23,2600.0,2699.245361328125
2020-09-24,2537.5,2635.083984375
2020-09-25,2675.0,2569.38818359375
2020-09-28,2575.0,2576.412353515625
2020-09-29,2537.5,2572.1025390625
2020-09-30,2480.0,2550.505859375
2020-10-01,2600.0,2508.70166015625
2020-10-02,2600.0,2516.87255859375
2020-10-05,2675.0,2540.59716796875
2020-10-06,2750.0,2587.7392578125
2020-10-07,2775.0,2652.826171875
2020-10-08,2725.0,2709.20556640625
2020-10-09,2775.0,2723.029052734375
2020-10-12,2812.5,2733.817626953125
2020-10-13,2837.5,2753.683837890625
2020-10-14,2887.5,2779.47509765625
2020-10-15,2800.0,2816.818359375
2020-10-16,2787.5,2813.594970703125
2020-10-19,2850.0,2792.307861328125
2020-10-20,2825.0,2795.48291015625
2020-10-21,2762.5,2798.43505859375
2020-10-22,2725.0,2778.030517578125
2020-10-23,2775.0,2743.087158203125
2020-10-26,2887.5,2733.917724609375
2020-10-27,2887.5,2778.864990234375
2020-11-02,2987.5,2827.623046875
2020-11-03,3000.0,2895.68359375
2020-11-04,2850.0,2949.98681640625
2020-11-05,2987.5,2924.1435546875
2020-11-06,3025.0,2928.02880859375
2020-11-09,3075.0,2956.154052734375
2020-11-10,3187.5,3001.9375
2020-11-11,3187.5,3078.970947265625
2020-11-12,3087.5,3139.345947265625
2020-11-13,3125.0,3134.532958984375
2020-11-16,3100.0,3121.44970703125
2020-11-17,3125.0,3102.013671875
2020-11-18,3175.0,3097.687255859375
2020-11-19,3162.5,3119.829345703125
2020-11-20,3150.0,3139.6025390625
2020-11-23,3200.0,3146.7548828125
2020-11-24,3212.5,3164.988525390625
2020-11-25,3262.5,3185.33251953125
2020-11-26,3362.5,3217.397216796875
2020-11-27,3325.0,3278.811279296875
2020-11-30,3162.5,3314.459716796875
2020-12-01,3262.5,3267.486572265625
2020-12-02,3325.0,3244.56201171875
2020-12-03,3287.5,3262.97265625
2020-12-04,3300.0,3276.83251953125
2020-12-07,3350.0,3288.686767578125
2020-12-08,3337.5,3313.876708984375
2020-12-10,3400.0,3330.075439453125
2020-12-11,3387.5,3359.989990234375
2020-12-14,3362.5,3379.27294921875
2020-12-15,3350.0,3378.302490234375
2020-12-16,3387.5,3365.838134765625
2020-12-17,3437.5,3368.041015625
2020-12-18,3350.0,3393.78369140625
2020-12-21,3350.0,3386.58203125
2020-12-22,3200.0,3370.017822265625
2020-12-23,3175.0,3301.204345703125
2020-12-28,3262.5,3229.987060546875
2020-12-29,3212.5,3216.966064453125
2020-12-30,3162.5,3212.3310546875
2021-01-04,3250.0,3193.826416015625
2021-01-05,3212.5,3208.484619140625
2021-01-06,3212.5,3215.617431640625
2021-01-07,3237.5,3216.58056640625
2021-01-08,3275.0,3223.474609375
2021-01-11,3425.0,3243.398193359375
2021-01-12,3475.0,3315.72802734375
2021-01-13,3462.5,3398.716796875
2021-01-14,3425.0,3449.474365234375
2021-01-15,3362.5,3455.111572265625
2021-01-18,3462.5,3419.2001953125
2021-01-19,3487.5,3419.246826171875
2021-01-20,3687.5,3442.965087890625
2021-01-21,3625.0,3541.6494140625
2021-01-22,3600.0,3608.00146484375
2021-01-25,3650.0,3628.032470703125
2021-01-26,3687.5,3642.18505859375
2021-01-27,3650.0,3663.441162109375
2021-01-28,3525.0,3666.20263671875
2021-01-29,3287.5,3615.538818359375
2021-02-01,3350.0,3477.5263671875
2021-02-02,3237.5,3383.414794921875
2021-02-03,3250.0,3300.440185546875
2021-02-04,3287.5,3257.710205078125
2021-02-05,3275.0,3259.324462890625
2021-02-08,3287.5,3271.222900390625
2021-02-09,3250.0,3285.607421875
2021-02-10,3250.0,3280.222412109375
2021-02-11,3250.0,3268.26318359375
2021-02-15,3250.0,3257.48876953125
2021-02-16,3237.5,3250.651611328125
2021-02-17,3175.0,3242.861572265625
2021-02-18,3125.0,3214.380859375
2021-02-19,3187.5,3170.2958984375
2021-02-22,3187.5,3159.632568359375
2021-02-23,3162.5,3165.3515625
2021-02-24,3187.5,3165.580322265625
2021-02-25,3137.5,3172.361083984375
2021-02-26,3075.0,3160.3037109375
2021-03-01,3287.5,3122.519287109375
2021-03-02,3300.0,3166.914306640625
2021-03-03,3300.0,3230.078125
2021-03-04,3275.0,3276.2109375
2021-03-05,3237.5,3289.015380859375
2021-03-08,3212.5,3270.721923828125
2021-03-09,3212.5,3238.894287109375
2021-03-10,3250.0,3214.59326171875
2021-03-12,3362.5,3216.615478515625
2021-03-15,3325.0,3269.53125
2021-03-16,3275.0,3307.87109375
2021-03-17,3262.5,3307.726806640625
2021-03-18,3400.0,3288.593017578125
2021-03-19,3387.5,3320.428955078125
2021-03-22,3312.5,3355.080810546875
2021-03-23,3337.5,3350.272705078125
2021-03-24,3212.5,3341.9384765625
2021-03-25,3200.0,3289.74853515625
2021-03-26,3212.5,3236.7265625
2021-03-29,3187.5,3208.30078125
2021-03-30,3162.5,3190.820556640625
2021-03-31,3075.0,3174.7109375
2021-04-01,3100.0,3132.720703125
2021-04-05,3112.5,3105.396240234375
2021-04-06,3137.5,3097.874267578125
2021-04-07,3162.5,3109.19189453125
2021-04-08,3137.5,3131.818359375
2021-04-09,3237.5,3140.3310546875
2021-04-12,3150.0,3176.410400390625
2021-04-13,3150.0,3176.795166015625
2021-04-14,3162.5,3163.44091796875
2021-04-15,3150.0,3154.543701171875
2021-04-16,3150.0,3146.2919921875
2021-04-19,3112.5,3141.58251953125
2021-04-20,3100.0,3126.36669921875
2021-04-21,3062.5,3108.3974609375
2021-04-22,3062.5,3082.4404296875
2021-04-23,3075.0,3063.17529296875
2021-04-26,2987.5,3058.103759765625
2021-04-27,3025.0,3028.127197265625
2021-04-28,3100.0,3013.3388671875
2021-04-29,3112.5,3036.871337890625
2021-04-30,3087.5,3070.265380859375
2021-05-03,3025.0,3085.21826171875
2021-05-04,3050.0,3064.355224609375
2021-05-05,3025.0,3046.79638671875
2021-05-06,3037.5,3028.018798828125
2021-05-07,2975.0,3020.502197265625
2021-05-10,2987.5,2997.298828125
2021-05-11,2950.0,2981.34423828125
2021-05-17,2962.5,2960.316650390625
2021-05-18,2950.0,2949.588134765625
2021-05-19,2837.5,2941.94921875
2021-05-20,2825.0,2897.11572265625
2021-05-21,2912.5,2850.058349609375
2021-05-24,2875.0,2851.125
2021-05-25,2950.0,2856.087646484375
2021-05-27,2875.0,2887.3203125
2021-05-28,2900.0,2888.9619140625
2021-05-31,3000.0,2887.29150390625
2021-06-02,3050.0,2921.06396484375
2021-06-03,3125.0,2973.78759765625
2021-06-04,3062.5,3041.268798828125
2021-06-07,3062.5,3066.131591796875
2021-06-08,3000.0,3065.79150390625
2021-06-09,3075.0,3033.828857421875
2021-06-10,3100.0,3030.108642578125
2021-06-11,3137.5,3048.405029296875
2021-06-14,3137.5,3082.47216796875
2021-06-15,3162.5,3110.0234375
2021-06-16,3137.5,3134.13037109375
2021-06-17,3100.0,3138.9619140625
2021-06-18,3100.0,3121.350341796875
2021-06-21,3012.5,3102.36572265625
2021-06-22,3087.5,3058.51708984375
2021-06-23,3012.5,3049.5224609375
2021-06-24,2987.5,3029.897705078125
2021-06-25,2950.0,3004.48291015625
2021-06-28,2850.0,2972.53515625
2021-06-29,2887.5,2913.4501953125
2021-06-30,2950.0,2879.421142578125
2021-07-01,2987.5,2889.854248046875
2021-07-02,2975.0,2926.296630859375
2021-07-05,2925.0,2953.584228515625
2021-07-06,2887.5,2948.156005859375
2021-07-07,2875.0,2918.20361328125
2021-07-08,2950.0,2885.43115234375
2021-07-09,2887.5,2891.067626953125
2021-07-12,2900.0,2886.43701171875
2021-07-13,2887.5,2883.981201171875
2021-07-14,2850.0,2878.5009765625
2021-07-15,2937.5,2860.11083984375
2021-07-16,2937.5,2875.29052734375
2021-07-19,2875.0,2897.427734375
2021-07-21,2962.5,2891.002685546875
2021-07-22,3025.0,2907.7763671875
2021-07-23,2987.5,2949.845458984375
2021-07-26,2900.0,2972.108642578125
2021-07-27,2912.5,2946.705078125
2021-07-28,2950.0,2917.54931640625
2021-07-29,2875.0,2911.916259765625
2021-07-30,2850.0,2890.42626953125
2021-08-02,2837.5,2862.042236328125
2021-08-03,2887.5,2837.134521484375
2021-08-04,2912.5,2840.896728515625
2021-08-05,3025.0,2863.017333984375
2021-08-06,2987.5,2924.427001953125
2021-08-09,2900.0,2963.69873046875
2021-08-10,2900.0,2947.640380859375
2021-08-12,2962.5,2916.638916015625
2021-08-13,3000.0,2914.62109375
2021-08-16,2987.5,2938.431884765625
2021-08-18,3025.0,2958.8193359375
2021-08-19,2925.0,2984.02099609375
2021-08-20,2950.0,2965.24072265625
2021-08-23,2987.5,2946.133056640625
2021-08-24,2912.5,2947.996337890625
2021-08-25,2975.0,2930.0947265625
2021-08-26,2912.5,2934.267578125
2021-08-27,2900.0,2922.554931640625
2021-08-30,2975.0,2904.61767578125
2021-08-31,3050.0,2918.220703125
2021-09-01,3000.0,2965.9580078125
2021-09-02,3025.0,2990.322998046875
2021-09-03,3062.5,3005.591552734375
2021-09-06,3100.0,3025.3564453125
2021-09-07,3125.0,3053.307373046875
2021-09-08,3125.0,3083.304931640625
2021-09-09,3175.0,3103.154052734375
2021-09-10,3100.0,3130.44775390625
2021-09-13,3075.0,3123.3076171875
2021-09-14,3050.0,3097.317138671875
2021-09-15,3062.5,3065.471923828125
2021-09-16,3075.0,3048.5263671875
2021-09-17,3025.0,3048.533447265625
2021-09-20,3012.5,3036.82470703125
2021-09-21,2987.5,3020.441650390625
2021-09-22,3037.5,2999.152587890625
2021-09-23,3037.5,3002.017822265625
2021-09-24,2987.5,3012.69970703125
2021-09-27,2950.0,3003.7607421875
2021-09-28,2975.0,2976.752685546875
2021-09-29,3000.0,2961.89306640625
2021-09-30,3075.0,2966.144287109375
2021-10-01,3050.0,3003.20361328125
2021-10-04,3237.5,3029.3759765625
2021-10-05,3212.5,3109.939208984375
2021-10-06,3300.0,3171.431884765625
2021-10-07,3350.0,3234.7041015625
2021-10-08,3450.0,3293.431396484375
2021-10-11,3450.0,3365.787841796875
2021-10-12,3500.0,3416.701416015625
2021-10-13,3550.0,3459.855712890625
2021-10-14,3587.5,3503.46875
2021-10-15,3575.0,3545.939208984375
2021-10-18,3587.5,3568.5263671875
2021-10-19,3600.0,3581.076904296875
2021-10-21,3587.5,3591.015625
2021-10-22,3600.0,3592.74365234375
2021-10-25,3562.5,3596.45654296875
2021-10-26,3587.5,3586.415283203125
2021-10-27,3575.0,3585.0712890625
2021-10-28,3512.5,3583.32177734375
2021-10-29,3587.5,3559.26513671875
2021-11-01,3587.5,3564.1162109375
2021-11-02,3512.5,3577.949951171875
2021-11-03,3562.5,3562.0400390625
2021-11-04,3587.5,3559.5791015625
2021-11-05,3550.0,3572.207763671875
2021-11-08,3500.0,3571.663818359375
2021-11-09,3437.5,3547.789794921875
2021-11-10,3575.0,3501.1123046875
2021-11-11,3612.5,3514.603271484375
2021-11-12,3550.0,3559.28662109375
2021-11-15,3525.0,3575.201904296875
2021-11-16,3612.5,3564.73779296875
2021-11-17,3612.5,3580.693359375
2021-11-18,3587.5,3600.3896484375
2021-11-19,3625.0,3604.802490234375
2021-11-22,3675.0,3615.888671875
2021-11-23,3575.0,3643.974609375
2021-11-24,3575.0,3630.660888671875
2021-11-25,3675.0,3607.34375
2021-11-26,3550.0,3626.6142578125
2021-11-29,3587.5,3608.186279296875
2021-11-30,3500.0,3596.99169921875
2021-12-01,3537.5,3560.322265625
2021-12-02,3600.0,3542.18994140625
2021-12-03,3575.0,3561.02294921875
2021-12-06,3587.5,3577.06005859375
2021-12-07,3650.0,3590.31787109375
2021-12-08,3575.0,3620.37548828125
2021-12-09,3675.0,3617.081787109375
2021-12-10,3600.0,3639.79443359375
2021-12-13,3562.5,3635.573486328125
2021-12-14,3587.5,3609.264404296875
2021-12-15,3637.5,3594.265869140625
2021-12-16,3625.0,3608.023193359375
2021-12-17,3575.0,3622.77587890625
2021-12-20,3537.5,3613.724609375
2021-12-21,3575.0,3585.3193359375
2021-12-22,3525.0,3574.463623046875
2021-12-23,3537.5,3555.760986328125
2021-12-24,3525.0,3545.927978515625
2021-12-27,3500.0,3538.367919921875
2021-12-28,3525.0,3525.087158203125
2021-12-29,3550.0,3523.746826171875
2021-12-30,3512.5,3536.357421875
2022-01-03,3525.0,3535.184814453125
2022-01-04,3587.5,3533.69287109375
2022-01-05,3512.5,3555.60693359375
2022-01-06,3512.5,3549.9228515625
2022-01-07,3525.0,3536.084716796875
2022-01-10,3525.0,3529.063720703125
2022-01-11,3525.0,3527.326171875
2022-01-12,3575.0,3528.27587890625
2022-01-13,3562.5,3548.400634765625
2022-01-14,3587.5,3563.296630859375
2022-01-17,3600.0,3579.794189453125
2022-01-18,3625.0,3595.186279296875
2022-01-19,3512.5,3613.644775390625
2022-01-20,3587.5,3584.540771484375
2022-01-21,3650.0,3576.959228515625
2022-01-24,3637.5,3603.732177734375
2022-01-25,3612.5,3628.724853515625
2022-01-26,3737.5,3634.3369140625
2022-01-27,3775.0,3677.201171875
2022-01-28,3825.0,3731.610595703125
2022-01-31,3737.5,3788.3759765625
2022-02-02,3737.5,3791.695068359375
2022-02-03,3737.5,3774.4130859375
2022-02-04,3737.5,3756.71337890625
2022-02-07,3750.0,3746.439208984375
2022-02-08,3812.5,3748.23193359375
2022-02-09,3837.5,3777.649169921875
2022-02-10,3862.5,3815.622314453125
2022-02-11,3862.5,3851.646484375
2022-02-14,3900.0,3873.120849609375
2022-02-15,3950.0,3895.146484375
2022-02-16,3925.0,3927.921142578125
2022-02-17,3925.0,3943.042724609375
2022-02-18,3925.0,3946.32373046875
2022-02-21,3925.0,3944.45947265625
2022-02-22,3937.5,3941.978759765625
2022-02-23,3937.5,3945.462158203125
2022-02-24,3850.0,3950.247314453125
2022-02-25,3850.0,3921.1845703125
2022-03-01,3825.0,3891.14111328125
2022-03-02,3812.5,3863.076171875
2022-03-04,3825.0,3842.0146484375
2022-03-07,3775.0,3836.2802734375
2022-03-08,3775.0,3819.50439453125
2022-03-09,3812.5,3804.77880859375
2022-03-10,3837.5,3810.0478515625
2022-03-11,3825.0,3829.635498046875
2022-03-14,3875.0,3841.909912109375
2022-03-15,3887.5,3865.09716796875
2022-03-16,3975.0,3887.75
2022-03-17,3975.0,3934.201171875
2022-03-18,3962.5,3971.46875
2022-03-21,3825.0,3986.40673828125
2022-03-22,3837.5,3935.994873046875
2022-03-23,3887.5,3886.2021484375
2022-03-24,3962.5,3875.03466796875
2022-03-25,3925.0,3911.153564453125
2022-03-28,3937.5,3937.017822265625
2022-03-29,3962.5,3953.787353515625
2022-03-30,3937.5,3969.89111328125
2022-03-31,3950.0,3970.0625
2022-04-01,3937.5,3969.10009765625
2022-04-04,3912.5,3963.54931640625
2022-04-05,3912.5,3949.3203125
2022-04-06,3837.5,3937.613037109375
2022-04-07,3850.0,3903.402099609375
2022-04-08,3850.0,3878.914306640625
2022-04-11,3837.5,3867.4130859375
2022-04-12,3850.0,3860.392822265625
2022-04-13,3862.5,3862.18408203125
2022-04-14,3837.5,3870.869384765625
2022-04-18,3812.5,3869.0244140625
2022-04-19,3787.5,3854.313720703125
2022-04-20,3925.0,3830.892578125
2022-04-21,4150.0,3864.570556640625
2022-04-22,4137.5,3990.938232421875
2022-04-25,4112.5,4097.88232421875
2022-04-26,4175.0,4146.53173828125
2022-04-27,4112.5,4178.3974609375
2022-04-28,4475.0,4168.51123046875
2022-05-09,4162.5,4285.75048828125
2022-05-10,4050.0,4286.11962890625
2022-05-11,4000.0,4202.8984375
2022-05-12,3937.5,4103.51171875
2022-05-13,3900.0,4014.396484375
2022-05-17,3925.0,3950.537353515625
2022-05-18,3950.0,3930.4970703125
2022-05-19,3950.0,3943.556396484375
2022-05-20,4000.0,3963.0859375
2022-05-23,3937.5,3995.220947265625
2022-05-24,3962.5,3994.970947265625
2022-05-25,3925.0,3991.477783203125
2022-05-27,4050.0,3973.41455078125
2022-05-30,4100.0,4003.719482421875
2022-05-31,4250.0,4058.79345703125
2022-06-02,4100.0,4158.361328125
2022-06-03,4100.0,4178.6435546875
2022-06-06,4075.0,4162.18408203125
2022-06-07,4150.0,4129.3994140625
2022-06-08,4200.0,4132.41015625
2022-06-09,4212.5,4167.0888671875
2022-06-10,4087.5,4205.3564453125
2022-06-13,4050.0,4183.16845703125
2022-06-14,4100.0,4133.66748046875
2022-06-15,4150.0,4112.4345703125
2022-06-16,4187.5,4129.037109375
2022-06-17,4037.5,4167.5751953125
2022-06-20,4125.0,4142.51611328125
2022-06-21,4125.0,4136.81982421875
2022-06-22,4075.0,4140.1103515625
2022-06-23,4075.0,4126.6484375
2022-06-24,4150.0,4112.2763671875
2022-06-27,4112.5,4131.35302734375
2022-06-28,4062.5,4141.06103515625
2022-06-29,3975.0,4124.6748046875
2022-06-30,3962.5,4071.984130859375
2022-07-01,3800.0,4021.658203125
2022-07-04,3700.0,3930.71435546875
2022-07-05,3825.0,3822.662841796875
2022-07-06,3762.5,3796.164794921875
2022-07-07,3712.5,3786.10302734375
2022-07-08,3737.5,3766.539794921875
2022-07-11,3737.5,3759.01513671875
2022-07-12,3712.5,3757.534912109375
2022-07-13,3637.5,3748.43115234375
2022-07-14,3637.5,3711.100341796875
2022-07-15,3587.5,3676.871826171875
2022-07-18,3675.0,3637.70361328125
2022-07-19,3712.5,3643.763916015625
2022-07-20,3950.0,3677.773193359375
2022-07-21,3950.0,3797.462158203125
2022-07-22,3925.0,3902.359619140625
2022-07-25,3887.5,3951.440673828125
2022-07-26,4000.0,3946.662841796875
2022-07-27,4050.0,3966.56298828125
2022-07-28,4025.0,4007.5927734375
2022-07-29,4137.5,4032.33935546875
2022-08-01,3987.5,4085.007568359375
2022-08-02,4087.5,4071.781982421875
2022-08-03,4125.0,4078.216796875
2022-08-04,4125.0,4104.20361328125
2022-08-05,4125.0,4128.22412109375
2022-08-08,4175.0,4142.89794921875
2022-08-09,4237.5,4167.8515625
2022-08-10,4300.0,4210.98095703125
2022-08-11,4262.5,4268.1591796875
2022-08-12,4237.5,4294.373046875
2022-08-15,4225.0,4290.037109375
2022-08-16,4262.5,4271.98681640625
2022-08-18,4300.0,4270.83935546875
2022-08-19,4250.0,4291.24267578125
2022-08-22,4262.5,4293.20947265625
2022-08-23,4312.5,4292.85693359375
2022-08-24,4312.5,4310.94140625
2022-08-25,4287.5,4328.9033203125
2022-08-26,4250.0,4330.52880859375
2022-08-29,4275.0,4311.4580078125
2022-08-30,4325.0,4301.90478515625
2022-08-31,4425.0,4318.68212890625
2022-09-01,4462.5,4376.76220703125
2022-09-02,4425.0,4441.5732421875
2022-09-05,4475.0,4469.13427734375
2022-09-06,4412.5,4491.4150390625
2022-09-07,4437.5,4479.2958984375
2022-09-08,4475.0,4469.5595703125
2022-09-09,4537.5,4479.3525390625
2022-09-12,4587.5,4516.94873046875
2022-09-13,4725.0,4569.54638671875
2022-09-14,4650.0,4660.00634765625
2022-09-15,4675.0,4699.85498046875
2022-09-16,4550.0,4715.6953125
2022-09-19,4612.5,4668.93896484375
2022-09-20,4600.0,4642.8466796875
2022-09-21,4637.5,4630.4384765625
2022-09-22,4600.0,4643.2666015625
2022-09-23,4600.0,4646.36181640625
2022-09-26,4625.0,4645.04443359375
2022-09-27,4675.0,4652.2158203125
2022-09-28,4650.0,4678.7890625
2022-09-29,4625.0,4692.2841796875
2022-09-30,4712.5,4686.1689453125
2022-10-03,4637.5,4708.90576171875
2022-10-04,4612.5,4704.27490234375
2022-10-05,4637.5,4682.33544921875
2022-10-06,4662.5,4672.43310546875
2022-10-07,4712.5,4680.5205078125
2022-10-10,4650.0,4711.3271484375
2022-10-11,4650.0,4714.22607421875
2022-10-12,4712.5,4705.94775390625
2022-10-13,4737.5,4720.7373046875
2022-10-14,4700.0,4747.650390625
2022-10-17,4725.0,4754.0634765625
2022-10-18,4750.0,4760.2685546875
2022-10-19,4737.5,4773.5576171875
2022-10-20,4950.0,4779.52880859375
2022-10-21,5175.0,4862.68505859375
2022-10-24,5125.0,5028.056640625
2022-10-25,5112.5,5137.88720703125
2022-10-26,5100.0,5179.28857421875
2022-10-27,5100.0,5174.8369140625
2022-10-28,5100.0,5156.60986328125
2022-10-31,5275.0,5142.185546875
2022-11-01,5200.0,5204.65478515625
2022-11-02,5037.5,5241.60888671875
2022-11-03,5087.5,5192.78564453125
2022-11-04,5075.0,5153.0234375
2022-11-07,5125.0,5127.7705078125
2022-11-08,5075.0,5138.0576171875
2022-11-09,5075.0,5137.943359375
2022-11-10,5050.0,5134.40625
2022-11-11,5212.5,5121.1005859375
2022-11-14,5125.0,5172.607421875
2022-11-15,5125.0,5192.2373046875
2022-11-16,5000.0,5192.78173828125
2022-11-17,4950.0,5137.32421875
2022-11-18,5087.5,5064.80712890625
2022-11-21,5050.0,5068.4033203125
2022-11-22,5062.5,5083.3896484375
2022-11-23,5100.0,5101.69189453125
2022-11-24,5112.5,5128.02001953125
2022-11-25,5087.5,5151.05859375
2022-11-28,5062.5,5153.646484375
2022-11-29,5162.5,5137.9873046875
2022-11-30,5262.5,5160.86572265625
2022-12-01,5200.0,5227.33544921875
2022-12-02,5262.5,5258.609375
2022-12-05,5437.5,5289.44287109375
2022-12-06,5450.0,5376.0146484375
2022-12-07,5187.5,5452.66162109375
2022-12-08,5025.0,5392.751953125
2022-12-09,4962.5,5246.2646484375
2022-12-12,4975.0,5104.06494140625
2022-12-13,4950.0,5025.9599609375
2022-12-14,4975.0,4993.27685546875
2022-12-15,4950.0,5000.0205078125
2022-12-16,5050.0,5007.95068359375
2022-12-19,5000.0,5050.79541015625
2022-12-20,5025.0,5068.19921875
2022-12-21,5000.0,5078.21533203125
2022-12-22,4975.0,5070.80859375
2022-12-23,4962.5,5049.93505859375
2022-12-26,5025.0,5027.482421875
2022-12-27,4975.0,5037.57958984375
2022-12-28,4987.5,5035.94140625
2022-12-29,4987.5,5035.75537109375
2022-12-30,4962.5,5035.95849609375
2023-01-02,4937.5,5026.4658203125
2023-01-03,4975.0,5007.57421875
2023-01-04,5012.5,5007.2978515625
2023-01-05,4912.5,5028.2529296875
2023-01-06,4900.0,5009.7548828125
2023-01-09,4862.5,4979.70849609375
2023-01-10,4637.5,4942.72021484375
2023-01-11,4475.0,4831.38525390625
2023-01-12,4600.0,4675.56787109375
2023-01-13,4587.5,4612.6748046875
2023-01-16,4650.0,4602.9287109375
2023-01-17,4875.0,4639.89306640625
2023-01-18,4775.0,4764.51025390625
2023-01-19,4875.0,4831.353515625
2023-01-20,4987.5,4888.1669921875
2023-01-24,4950.0,4960.82958984375
2023-01-25,4850.0,4995.32373046875
2023-01-26,4912.5,4964.06884765625
2023-01-27,5012.5,4946.42578125
2023-01-30,4975.0,4980.0810546875
2023-01-31,4975.0,5005.38525390625
2023-02-01,4850.0,5018.67626953125
2023-02-02,4862.5,4974.49072265625
2023-02-03,4962.5,4932.71630859375
2023-02-06,4937.5,4947.3173828125
2023-02-07,5087.5,4967.1689453125
2023-02-08,5100.0,5039.57861328125
2023-02-09,5125.0,5106.58056640625
2023-02-10,5150.0,5154.5615234375
2023-02-13,5175.0,5186.02001953125
2023-02-14,5187.5,5208.76123046875
2023-02-15,5112.5,5224.5595703125
2023-02-16,5087.5,5203.03173828125
2023-02-17,5150.0,5167.98095703125
2023-02-20,5137.5,5167.10205078125
2023-02-21,5100.0,5174.587890625
2023-02-22,5000.0,5168.18798828125
2023-02-23,5037.5,5120.841796875
2023-02-24,5062.5,5092.45361328125
2023-02-27,5075.0,5091.72265625
2023-02-28,5000.0,5106.13818359375
2023-03-01,5050.0,5090.9990234375
2023-03-02,5112.5,5090.4658203125
2023-03-03,5025.0,5119.080078125
2023-03-06,5062.5,5112.474609375
2023-03-07,5087.5,5110.416015625
2023-03-08,5137.5,5120.087890625
2023-03-09,5225.0,5149.49853515625
2023-03-10,5187.5,5208.2626953125
2023-03-13,5175.0,5239.2998046875
2023-03-14,4962.5,5243.24755859375
2023-03-15,5025.0,5153.3779296875
2023-03-16,4925.0,5090.83544921875
2023-03-17,5050.0,5024.43359375
2023-03-20,5000.0,5032.3896484375
2023-03-21,5250.0,5044.50341796875
2023-03-24,5450.0,5150.5205078125
2023-03-27,5100.0,5325.1630859375
2023-03-28,5062.5,5316.57568359375
2023-03-29,5175.0,5231.77392578125
2023-03-30,10225.0,5196.64794921875
2023-03-31,5162.5,7266.46435546875
2023-04-03,5262.5,7104.87841796875
2023-04-04,5200.0,6327.2158203125
2023-04-05,5225.0,5615.53759765625
2023-04-06,5175.0,5226.5888671875
2023-04-10,5100.0,5098.00634765625
2023-04-11,5100.0,5092.34716796875
2023-04-12,5150.0,5134.8232421875
2023-04-13,5125.0,5194.599609375
2023-04-14,5225.0,5222.79052734375
2023-04-17,5125.0,5263.28173828125
2023-04-18,5175.0,5249.3076171875
2023-04-26,5200.0,5238.79931640625
2023-04-27,5200.0,5241.61865234375
2023-04-28,5175.0,5247.27001953125
2023-05-02,5250.0,5241.51806640625
2023-05-03,5225.0,5262.97998046875
2023-05-04,5175.0,5275.50927734375
2023-05-05,5175.0,5260.46826171875
2023-05-08,5125.0,5241.65234375
2023-05-09,5050.0,5209.5927734375
2023-05-10,5075.0,5156.822265625
2023-05-11,5100.0,5127.69970703125
2023-05-12,5000.0,5128.3642578125
2023-05-15,5050.0,5100.64208984375
2023-05-16,4990.0,5093.1279296875
2023-05-17,5000.0,5071.92431640625
2023-05-19,5075.0,5057.89599609375
2023-05-22,5225.0,5080.58056640625
2023-05-23,5125.0,5165.26123046875
2023-05-24,5075.0,5198.85498046875
2023-05-25,5175.0,5181.1396484375
2023-05-26,5125.0,5190.55810546875
2023-05-29,5150.0,5186.28662109375
2023-05-30,5150.0,5189.203125
2023-05-31,5050.0,5193.791015625
2023-06-05,5075.0,5158.658203125
